ts,humidity1,humidity2,humidity3,humidity4,humidity5,humidity6,humidity7,humidity8,temperature1,temperature2,temperature3,temperature4,temperature5,temperature6,temperature7,temperature8
2024-02-18 00:02,47.31,47.2,45.31,48.15,44.1,43.35,41.17,35.43,15.82,15.76,17.28,16.23,16.6,16.9,17.82,22.91
2024-02-18 00:04,47.92,47.79,44.84,46.99,44.15,43.55,40.67,35.17,15.62,15.56,17.45,16.59,16.59,16.86,17.97,23.01
2024-02-18 00:06,47.83,47.48,44.47,46.19,44.09,43.4,40.26,35.02,15.81,15.84,17.6,16.9,16.69,17.01,18.18,23.12
2024-02-18 00:08,46.77,46.3,44.21,45.66,43.87,42.82,39.67,34.98,16.16,16.25,17.67,17.07,16.77,17.21,18.43,23.11
2024-02-18 00:10,46.82,46.73,44.29,45.52,44.02,43.18,39.62,35.11,16.07,16.0,17.61,17.11,16.63,17.0,18.4,23.02
2024-02-18 00:12,47.27,47.32,44.4,45.42,44.34,43.62,39.7,35.23,15.89,15.78,17.6,17.19,16.51,16.82,18.4,22.95
2024-02-18 00:14,47.78,47.84,44.28,45.18,44.6,43.88,39.68,35.25,15.67,15.55,17.62,17.22,16.4,16.7,18.34,22.94
2024-02-18 00:16,48.27,48.29,44.22,45.39,44.65,43.97,39.83,35.18,15.47,15.37,17.56,16.98,16.31,16.62,18.18,22.9
2024-02-18 00:18,49.01,49.0,44.69,46.33,45.21,44.52,40.46,35.38,15.25,15.17,17.31,16.52,16.14,16.44,17.88,22.75
2024-02-18 00:20,48.71,48.08,45.27,47.37,45.32,44.43,40.89,35.63,15.53,15.72,17.12,16.19,16.23,16.65,17.8,22.7
2024-02-18 00:22,46.96,46.02,45.07,47.28,44.54,43.27,40.56,35.48,16.16,16.45,17.29,16.4,16.54,17.12,18.02,22.83
2024-02-18 00:24,45.27,44.37,44.29,46.13,43.53,41.98,39.67,35.0,16.8,17.04,17.61,16.8,16.96,17.62,18.38,23.11
2024-02-18 00:27,44.75,44.44,43.91,45.88,42.84,41.53,39.49,34.68,16.82,16.81,17.7,16.75,17.1,17.66,18.33,23.2
2024-02-18 00:29,45.15,45.14,43.86,46.15,42.75,41.75,39.75,34.66,16.56,16.45,17.61,16.56,17.02,17.43,18.09,23.11
2024-02-18 00:31,46.03,46.0,44.63,47.5,43.23,42.4,40.73,35.12,16.19,16.07,17.38,16.28,16.78,17.16,17.83,22.91
2024-02-18 00:33,47.13,47.07,44.92,47.37,43.98,43.22,40.87,35.46,15.83,15.77,17.33,16.38,16.56,16.93,17.84,22.8
2024-02-18 00:35,47.81,47.66,44.59,46.68,44.12,43.44,40.61,35.4,15.61,15.56,17.43,16.62,16.51,16.82,17.93,22.8
2024-02-18 00:37,48.08,47.78,44.58,46.27,44.42,43.78,40.41,35.41,15.56,15.59,17.4,16.74,16.4,16.73,18.02,22.8
2024-02-18 00:39,46.79,46.12,44.38,45.91,44.07,42.97,39.84,35.27,16.01,16.18,17.49,16.86,16.5,17.01,18.24,22.8
2024-02-18 00:41,46.55,46.28,44.22,45.55,44.05,42.95,39.55,35.16,16.02,16.0,17.53,16.98,16.48,16.93,18.3,22.85
2024-02-18 00:43,46.91,46.87,43.88,44.95,44.05,43.14,39.42,35.03,15.93,15.83,17.7,17.22,16.52,16.91,18.4,22.96
2024-02-18 00:45,47.27,47.34,43.6,44.54,44.0,43.22,39.34,34.97,15.78,15.67,17.84,17.43,16.6,16.9,18.43,23.03
2024-02-18 00:47,47.87,47.98,43.6,44.75,44.16,43.52,39.49,34.98,15.6,15.46,17.8,17.2,16.49,16.77,18.31,22.97
2024-02-18 00:49,48.35,48.38,43.96,45.7,44.48,43.82,40.0,35.1,15.36,15.27,17.54,16.72,16.3,16.61,17.98,22.86
2024-02-18 00:52,48.96,48.89,44.52,46.7,44.89,44.25,40.6,35.21,15.15,15.1,17.31,16.29,16.14,16.47,17.71,22.8
2024-02-18 00:54,48.86,48.36,44.73,47.14,44.88,44.12,40.96,35.25,15.43,15.56,17.37,16.35,16.33,16.73,17.78,22.88
2024-02-18 00:56,46.94,46.05,44.3,46.26,44.09,42.93,40.16,35.05,16.07,16.31,17.48,16.64,16.55,17.1,18.06,22.92
2024-02-18 00:58,45.33,44.49,44.25,46.29,43.52,42.17,39.84,34.92,16.66,16.91,17.43,16.49,16.79,17.38,18.1,22.99
2024-02-18 01:00,44.42,43.97,44.17,46.61,42.97,41.67,39.82,34.73,16.88,16.95,17.43,16.33,16.94,17.5,18.07,23.03
2024-02-18 01:02,44.8,44.69,44.35,47.22,42.83,41.8,40.3,34.76,16.69,16.59,17.42,16.29,17.0,17.41,17.94,23.1
2024-02-18 01:04,45.67,45.56,44.5,47.13,43.07,42.21,40.58,34.91,16.44,16.37,17.55,16.54,17.0,17.36,18.01,23.17
2024-02-18 01:06,46.24,46.16,44.02,46.07,43.07,42.42,40.13,34.75,16.15,16.07,17.68,16.85,16.92,17.2,18.1,23.17
2024-02-18 01:08,47.0,46.95,44.01,45.62,43.54,42.99,40.02,34.85,15.84,15.75,17.61,16.96,16.67,16.92,18.1,23.05
2024-02-18 01:10,47.56,47.47,43.96,45.34,43.93,43.42,39.87,34.95,15.55,15.48,17.55,17.0,16.43,16.68,18.1,22.92
2024-02-18 01:12,47.96,47.77,43.86,44.95,44.07,43.62,39.73,34.93,15.48,15.49,17.6,17.15,16.42,16.68,18.19,22.91
2024-02-18 01:14,46.93,46.32,43.79,44.82,43.91,43.05,39.37,34.9,15.93,16.07,17.66,17.2,16.5,16.95,18.37,22.95
2024-02-18 01:17,46.43,46.14,43.72,44.72,43.84,42.83,39.13,34.88,16.0,15.98,17.61,17.2,16.43,16.89,18.4,22.9
2024-02-18 01:19,46.75,46.7,43.72,44.74,44.05,43.2,39.14,34.9,15.8,15.71,17.55,17.07,16.33,16.72,18.3,22.85
2024-02-18 01:21,47.22,47.12,43.77,45.34,44.01,43.23,39.57,34.91,15.6,15.54,17.5,16.77,16.31,16.7,18.03,22.81
2024-02-18 01:23,47.63,47.52,43.67,45.71,43.87,43.15,39.85,34.68,15.41,15.35,17.5,16.52,16.35,16.7,17.83,22.9
2024-02-18 01:25,48.18,47.98,43.76,46.12,43.82,43.23,40.32,34.67,15.22,15.2,17.46,16.43,16.36,16.65,17.7,22.92
2024-02-18 01:27,48.65,48.38,43.7,45.69,44.07,43.6,40.27,34.7,15.23,15.26,17.51,16.68,16.4,16.63,17.82,22.95
2024-02-18 01:29,47.42,46.63,43.79,45.51,43.78,43.02,39.84,34.73,15.75,15.98,17.48,16.7,16.56,16.93,18.03,22.94
2024-02-18 01:31,45.78,44.88,43.91,46.01,43.23,42.26,39.65,34.63,16.38,16.65,17.41,16.44,16.78,17.23,18.07,23.0
2024-02-18 01:33,44.32,43.52,43.89,46.5,42.48,41.45,39.63,34.52,16.9,17.1,17.47,16.33,17.05,17.54,18.1,23.07
2024-02-18 01:35,44.45,44.12,44.25,46.99,42.53,41.76,40.16,34.8,16.78,16.75,17.44,16.37,16.99,17.36,18.02,23.02
2024-02-18 01:37,45.15,45.1,44.22,46.37,42.99,42.44,40.02,34.86,16.48,16.37,17.4,16.55,16.81,17.07,18.0,22.93
2024-02-18 01:39,46.09,46.08,44.31,46.02,43.57,43.06,40.03,34.92,16.15,16.03,17.41,16.7,16.62,16.91,18.02,22.95
2024-02-18 01:42,46.71,46.69,43.97,45.45,43.59,43.11,39.78,34.83,15.88,15.77,17.54,16.95,16.6,16.85,18.14,23.0
2024-02-18 01:44,47.2,47.15,43.64,44.84,43.5,43.17,39.57,34.74,15.67,15.59,17.68,17.19,16.6,16.8,18.23,23.0
2024-02-18 01:46,47.57,47.52,43.3,44.24,43.48,43.23,39.28,34.62,15.55,15.46,17.8,17.38,16.6,16.75,18.3,23.07
2024-02-18 01:48,46.86,46.38,43.14,43.93,43.4,42.9,38.95,34.63,15.89,16.0,17.81,17.48,16.64,16.96,18.47,23.0
2024-02-18 01:50,46.29,45.92,43.41,44.44,43.41,42.57,38.85,34.75,16.06,16.07,17.68,17.13,16.63,17.02,18.45,22.95
2024-02-18 01:52,46.64,46.53,43.67,45.39,43.54,42.86,39.27,34.76,15.86,15.79,17.52,16.7,16.55,16.9,18.16,22.94
2024-02-18 01:54,47.21,47.14,43.79,46.03,43.67,43.09,39.72,34.74,15.6,15.53,17.44,16.39,16.45,16.73,17.92,22.9
2024-02-18 01:56,47.79,47.69,44.12,46.48,44.03,43.56,40.17,34.8,15.37,15.3,17.31,16.31,16.25,16.52,17.8,22.88
2024-02-18 01:58,48.48,48.34,44.32,46.11,44.64,44.22,40.09,34.95,15.2,15.19,17.2,16.47,16.09,16.35,17.8,22.8
2024-02-18 02:00,47.45,46.66,44.13,46.04,44.03,43.3,39.84,34.74,15.65,15.88,17.29,16.42,16.39,16.77,17.92,22.88
2024-02-18 02:02,45.64,44.62,43.7,46.02,42.89,41.97,39.42,34.3,16.29,16.6,17.42,16.4,16.81,17.23,18.05,23.08
2024-02-18 02:04,44.14,43.28,43.62,46.48,41.95,41.07,39.4,34.16,16.83,17.08,17.56,16.35,17.17,17.58,18.15,23.22
2024-02-18 02:07,44.35,44.1,43.52,46.2,41.92,41.35,39.44,34.29,16.78,16.73,17.69,16.61,17.25,17.51,18.28,23.28
2024-02-18 02:09,44.92,44.86,43.5,45.66,42.19,41.82,39.27,34.32,16.48,16.37,17.63,16.74,17.04,17.24,18.28,23.17
2024-02-18 02:11,45.59,45.58,43.52,45.31,42.64,42.33,39.24,34.38,16.14,16.04,17.6,16.83,16.79,16.97,18.2,23.1
2024-02-18 02:13,46.4,46.32,43.42,44.91,42.97,42.76,39.32,34.41,15.83,15.74,17.65,17.01,16.68,16.8,18.2,23.09
2024-02-18 02:15,47.03,46.9,43.32,44.52,43.28,43.09,39.22,34.44,15.61,15.56,17.62,17.1,16.52,16.67,18.21,23.01
2024-02-18 02:17,46.41,45.77,43.34,44.38,43.32,42.78,38.96,34.57,15.95,16.1,17.65,17.2,16.56,16.89,18.37,22.95
2024-02-18 02:19,45.62,45.17,43.17,44.15,43.03,42.21,38.57,34.54,16.14,16.2,17.7,17.27,16.6,17.02,18.5,22.96
2024-02-18 02:21,45.74,45.62,42.78,43.57,42.79,42.2,38.25,34.32,15.98,15.91,17.8,17.38,16.65,16.95,18.56,23.01
2024-02-18 02:23,46.24,46.23,42.7,43.92,42.79,42.33,38.48,34.23,15.78,15.67,17.77,17.14,16.62,16.9,18.37,23.0
2024-02-18 02:25,46.86,46.89,42.8,44.62,42.9,42.56,38.91,34.27,15.57,15.45,17.73,16.82,16.6,16.82,18.14,23.0
2024-02-18 02:27,47.51,47.48,42.92,45.3,43.07,42.79,39.32,34.37,15.38,15.31,17.7,16.54,16.6,16.76,17.97,23.0
2024-02-18 02:29,47.9,47.8,42.97,45.68,43.08,42.9,39.6,34.27,15.25,15.17,17.71,16.53,16.6,16.7,17.9,23.07
2024-02-18 02:32,48.28,48.09,42.92,44.97,43.26,43.25,39.47,34.28,15.25,15.27,17.77,16.83,16.61,16.68,18.05,23.1
2024-02-18 02:34,46.97,46.25,43.17,45.26,42.96,42.63,39.4,34.35,15.8,15.99,17.62,16.62,16.74,16.95,18.03,23.03
2024-02-18 02:36,45.42,44.58,43.46,45.88,42.52,41.96,39.39,34.27,16.4,16.66,17.48,16.33,16.94,17.23,18.02,23.05
2024-02-18 02:38,44.05,43.24,43.53,46.6,41.81,41.19,39.48,34.24,16.93,17.12,17.58,16.3,17.24,17.55,18.16,23.19
2024-02-18 02:40,44.33,44.12,43.76,46.47,42.14,41.72,39.63,34.48,16.8,16.74,17.53,16.43,17.11,17.32,18.1,23.12
2024-02-18 02:42,44.87,44.8,43.79,46.03,42.46,42.18,39.52,34.55,16.51,16.41,17.5,16.57,16.93,17.11,18.11,23.03
2024-02-18 02:44,45.7,45.68,43.85,45.72,42.98,42.72,39.52,34.7,16.16,16.07,17.49,16.72,16.73,16.92,18.14,22.94
2024-02-18 02:46,46.43,46.34,43.5,45.1,43.11,42.87,39.36,34.7,15.89,15.8,17.64,16.97,16.7,16.84,18.21,22.98
2024-02-18 02:48,46.87,46.8,43.2,44.47,43.02,42.89,39.13,34.56,15.67,15.59,17.74,17.2,16.7,16.8,18.3,23.0
2024-02-18 02:50,47.19,46.99,42.93,44.0,43.07,42.94,38.98,34.56,15.64,15.65,17.88,17.39,16.7,16.86,18.37,23.0
2024-02-18 02:52,45.9,45.29,42.51,43.47,42.42,41.87,38.32,34.31,16.12,16.27,18.0,17.55,16.94,17.26,18.63,23.08
2024-02-18 02:54,45.69,45.44,42.65,43.87,42.41,41.85,38.43,34.36,16.08,16.07,17.82,17.19,16.84,17.13,18.45,22.99
2024-02-18 02:57,46.22,46.15,43.11,44.83,42.89,42.44,39.02,34.63,15.87,15.77,17.57,16.72,16.63,16.88,18.11,22.83
2024-02-18 02:59,46.78,46.71,43.48,45.75,43.12,42.75,39.62,34.74,15.62,15.53,17.42,16.37,16.5,16.72,17.83,22.72
2024-02-18 03:01,47.32,47.25,43.64,45.78,43.25,42.99,39.72,34.75,15.36,15.31,17.33,16.43,16.39,16.57,17.83,22.7
2024-02-18 03:03,47.9,47.73,43.71,45.33,43.72,43.54,39.63,34.79,15.25,15.25,17.28,16.57,16.27,16.43,17.9,22.69
2024-02-18 03:05,46.83,46.05,43.79,45.57,43.43,42.91,39.44,34.66,15.7,15.93,17.2,16.37,16.43,16.74,17.92,22.73
2024-02-18 03:07,45.11,44.12,43.57,45.85,42.48,41.68,39.11,34.27,16.35,16.64,17.33,16.3,16.81,17.23,18.06,22.95
2024-02-18 03:09,43.78,42.94,43.37,46.21,41.65,40.89,39.09,34.19,16.86,17.03,17.49,16.33,17.15,17.52,18.18,23.08
2024-02-18 03:11,43.93,43.65,43.17,45.69,41.46,40.99,38.98,34.16,16.72,16.68,17.65,16.62,17.2,17.45,18.27,23.15
2024-02-18 03:13,44.56,44.45,42.99,44.97,41.74,41.46,38.77,34.17,16.43,16.34,17.62,16.83,17.03,17.21,18.3,23.03
2024-02-18 03:15,45.32,45.25,42.97,44.67,42.24,42.03,38.78,34.23,16.07,15.97,17.6,16.9,16.77,16.9,18.24,22.97
2024-02-18 03:17,45.97,45.86,42.95,44.38,42.57,42.41,38.73,34.26,15.82,15.75,17.63,17.02,16.61,16.8,18.23,22.97
2024-02-18 03:19,46.52,46.39,42.85,43.97,42.76,42.66,38.61,34.26,15.62,15.55,17.65,17.13,16.54,16.66,18.27,22.93
2024-02-18 03:22,46.29,45.74,42.95,43.94,43.03,42.67,38.59,34.42,15.86,15.98,17.62,17.2,16.53,16.79,18.37,22.9
2024-02-18 03:24,45.32,44.83,42.82,43.76,42.78,42.05,38.21,34.34,16.14,16.18,17.69,17.22,16.56,16.95,18.49,22.9
2024-02-18 03:26,45.48,45.32,42.74,43.75,42.79,42.24,38.25,34.22,15.98,15.94,17.67,17.11,16.52,16.87,18.36,22.9
2024-02-18 03:28,45.91,45.83,42.74,44.35,42.71,42.21,38.53,34.16,15.81,15.72,17.62,16.83,16.59,16.83,18.22,22.97
2024-02-18 03:30,46.44,46.37,42.75,44.75,42.68,42.29,38.74,34.16,15.59,15.51,17.6,16.65,16.57,16.8,18.09,22.93
2024-02-18 03:32,46.9,46.87,42.76,45.03,42.64,42.37,38.92,34.14,15.4,15.31,17.6,16.56,16.51,16.72,18.0,22.92
2024-02-18 03:34,47.34,47.25,42.59,44.38,42.67,42.57,38.73,34.05,15.22,15.17,17.67,16.89,16.5,16.62,18.12,22.98
2024-02-18 03:36,47.48,47.23,42.42,44.03,42.64,42.58,38.63,33.94,15.3,15.31,17.73,16.94,16.57,16.7,18.15,23.04
2024-02-18 03:38,46.12,45.36,42.53,44.61,42.22,41.85,38.7,33.88,15.85,16.06,17.65,16.64,16.76,17.02,18.1,23.1
2024-02-18 03:40,44.54,43.69,42.79,45.27,41.79,41.23,38.72,33.88,16.47,16.73,17.52,16.38,16.96,17.25,18.1,23.08
2024-02-18 03:42,43.46,42.77,43.13,45.95,41.43,40.86,39.02,33.98,16.88,17.04,17.54,16.41,17.16,17.47,18.17,23.15
2024-02-18 03:44,43.73,43.55,42.88,45.07,41.43,41.11,38.76,33.89,16.73,16.68,17.62,16.67,17.12,17.33,18.2,23.15
2024-02-18 03:47,44.32,44.34,42.96,44.77,41.84,41.61,38.74,34.03,16.44,16.3,17.57,16.78,16.89,17.07,18.2,23.04
2024-02-18 03:49,45.12,45.12,42.98,44.51,42.36,42.15,38.71,34.14,16.07,15.97,17.5,16.88,16.64,16.8,18.18,22.94
2024-02-18 03:51,46.02,45.98,43.04,44.27,42.8,42.63,38.8,34.24,15.78,15.68,17.55,17.0,16.51,16.7,18.17,22.9
2024-02-18 03:53,46.42,46.23,42.75,43.77,42.84,42.59,38.65,34.2,15.7,15.68,17.68,17.23,16.56,16.78,18.27,22.97
2024-02-18 03:55,45.23,44.58,42.33,43.27,42.14,41.49,38.08,33.93,16.19,16.33,17.87,17.43,16.85,17.25,18.57,23.14
2024-02-18 03:57,44.81,44.58,41.97,42.82,41.83,41.18,37.65,33.78,16.22,16.2,17.95,17.53,16.88,17.22,18.64,23.15
2024-02-18 03:59,45.25,45.23,42.36,43.6,42.14,41.67,38.07,33.92,16.01,15.91,17.72,17.04,16.71,16.98,18.37,23.01
2024-02-18 04:01,45.82,45.79,42.75,44.52,42.55,42.09,38.52,34.12,15.76,15.66,17.49,16.63,16.53,16.79,18.12,22.86
2024-02-18 04:03,46.51,46.38,42.98,45.03,42.72,42.35,38.84,34.19,15.5,15.43,17.4,16.5,16.48,16.68,17.95,22.87
2024-02-18 04:05,47.23,47.07,43.08,44.82,43.16,42.88,38.96,34.29,15.26,15.25,17.4,16.63,16.27,16.47,17.98,22.77
2024-02-18 04:07,47.04,46.44,43.36,44.92,43.41,42.97,39.04,34.48,15.51,15.68,17.27,16.55,16.33,16.6,18.0,22.7
2024-02-18 04:09,45.64,44.68,43.46,45.39,42.72,42.0,39.02,34.25,16.1,16.41,17.3,16.39,16.65,17.04,18.02,22.91
2024-02-18 04:12,44.03,43.05,43.04,45.44,41.81,40.96,38.73,33.91,16.73,17.03,17.49,16.4,17.06,17.47,18.16,23.12
2024-02-18 04:14,43.37,42.76,43.08,45.79,41.28,40.61,38.93,33.98,16.93,17.01,17.61,16.5,17.29,17.57,18.21,23.2
2024-02-18 04:16,43.86,43.77,42.76,44.84,41.28,40.98,38.68,33.92,16.69,16.58,17.76,16.85,17.23,17.42,18.3,23.2
2024-02-18 04:18,44.64,44.63,42.73,44.37,41.68,41.51,38.55,34.01,16.35,16.25,17.72,17.0,17.03,17.16,18.34,23.09
2024-02-18 04:20,45.58,45.57,42.89,44.2,42.3,42.21,38.6,34.24,16.0,15.87,17.67,17.09,16.77,16.89,18.3,22.98
2024-02-18 04:22,46.39,46.3,43.03,44.1,42.87,42.77,38.67,34.36,15.71,15.63,17.6,17.12,16.53,16.68,18.3,22.91
2024-02-18 04:24,45.97,45.45,42.68,43.71,42.68,42.25,38.42,34.19,15.98,16.1,17.79,17.28,16.7,16.98,18.47,23.06
2024-02-18 04:26,44.91,44.42,42.4,43.47,42.23,41.52,37.91,34.02,16.23,16.28,17.77,17.22,16.73,17.13,18.55,23.03
2024-02-18 04:28,45.34,45.23,42.73,44.28,42.61,42.02,38.38,34.21,16.01,15.94,17.57,16.77,16.55,16.88,18.22,22.89
2024-02-18 04:30,45.92,45.83,42.99,45.11,42.81,42.27,38.86,34.23,15.76,15.67,17.41,16.44,16.5,16.77,17.98,22.87
2024-02-18 04:32,46.45,46.36,43.02,45.45,42.75,42.32,39.22,34.17,15.5,15.44,17.42,16.35,16.5,16.7,17.82,22.88
2024-02-18 04:34,47.03,46.92,42.84,44.7,42.8,42.56,39.04,33.98,15.33,15.27,17.54,16.71,16.5,16.62,17.97,23.0
2024-02-18 04:37,47.02,46.55,42.65,44.43,42.75,42.43,38.93,33.93,15.52,15.63,17.6,16.76,16.6,16.82,18.0,23.07
2024-02-18 04:39,45.51,44.64,42.82,44.85,42.19,41.69,38.87,33.87,16.1,16.34,17.5,16.52,16.78,17.07,18.0,23.09
2024-02-18 04:41,43.98,43.07,42.96,45.41,41.63,41.05,38.85,33.77,16.64,16.93,17.41,16.3,16.99,17.31,18.01,23.1
2024-02-18 04:43,43.34,42.75,43.26,45.92,41.47,40.98,39.07,33.96,16.88,16.96,17.44,16.33,17.1,17.34,18.08,23.1
2024-02-18 04:45,43.78,43.62,42.94,45.01,41.46,41.22,38.77,33.89,16.63,16.56,17.52,16.66,17.04,17.22,18.15,23.1
2024-02-18 04:47,44.42,44.37,42.9,44.58,41.8,41.67,38.67,33.97,16.3,16.19,17.5,16.78,16.82,16.95,18.13,22.97
2024-02-18 04:49,45.23,45.15,42.95,44.34,42.26,42.2,38.65,34.12,15.95,15.85,17.43,16.84,16.58,16.72,18.11,22.88
2024-02-18 04:51,45.93,45.72,42.78,43.92,42.48,42.35,38.53,34.05,15.72,15.67,17.55,17.03,16.54,16.71,18.2,22.91
2024-02-18 04:53,45.6,45.05,42.49,43.48,42.29,41.89,38.23,33.9,16.0,16.12,17.73,17.25,16.73,17.02,18.41,23.07
2024-02-18 04:55,44.62,44.1,42.02,42.95,41.68,41.02,37.62,33.62,16.29,16.36,17.94,17.47,16.91,17.3,18.67,23.24
2024-02-18 04:57,45.03,44.92,42.02,43.18,41.79,41.38,37.78,33.63,16.09,16.01,17.83,17.24,16.85,17.11,18.48,23.15
2024-02-18 04:59,45.64,45.66,42.54,44.09,42.17,41.87,38.36,33.78,15.78,15.65,17.56,16.78,16.61,16.85,18.14,23.05
2024-02-18 05:02,46.35,46.3,43.06,44.98,42.62,42.37,38.88,33.9,15.47,15.39,17.31,16.38,16.42,16.62,17.85,22.93
2024-02-18 05:04,46.78,46.59,42.98,45.05,42.61,42.43,39.13,33.93,15.27,15.27,17.37,16.44,16.38,16.57,17.78,22.9
2024-02-18 05:06,46.99,46.55,42.96,44.58,42.98,42.7,38.97,34.01,15.41,15.5,17.38,16.62,16.33,16.57,17.9,22.89
2024-02-18 05:08,45.55,44.67,43.12,44.93,42.52,41.91,38.87,33.91,15.95,16.23,17.27,16.39,16.55,16.91,17.9,22.95
2024-02-18 05:10,43.93,42.95,42.97,45.22,41.72,40.97,38.58,33.67,16.55,16.87,17.32,16.3,16.88,17.28,18.03,23.07
2024-02-18 05:12,42.87,42.21,42.84,45.51,40.94,40.25,38.62,33.48,16.91,17.02,17.47,16.34,17.17,17.5,18.11,23.2
2024-02-18 05:14,43.23,43.08,42.45,44.75,40.85,40.48,38.36,33.49,16.69,16.61,17.63,16.66,17.2,17.4,18.2,23.2
2024-02-18 05:16,43.73,43.68,42.1,43.94,40.84,40.61,38.09,33.46,16.46,16.35,17.77,16.95,17.13,17.29,18.3,23.17
2024-02-18 05:18,44.52,44.5,42.12,43.59,41.27,41.17,38.07,33.58,16.09,15.99,17.7,17.06,16.89,16.98,18.23,23.08
2024-02-18 05:20,45.41,45.27,42.21,43.46,41.85,41.8,38.12,33.72,15.78,15.72,17.66,17.1,16.65,16.75,18.22,22.98
2024-02-18 05:22,46.12,45.84,42.43,43.45,42.47,42.42,38.32,33.9,15.68,15.69,17.66,17.18,16.55,16.69,18.25,22.98
2024-02-18 05:24,45.07,44.38,42.08,43.08,41.97,41.41,37.82,33.73,16.1,16.3,17.8,17.38,16.78,17.13,18.51,23.1
2024-02-18 05:27,44.77,44.43,42.07,43.13,41.96,41.36,37.75,33.72,16.11,16.09,17.75,17.22,16.65,17.02,18.42,23.03
2024-02-18 05:29,45.21,45.06,42.53,44.04,42.22,41.69,38.35,33.89,15.89,15.81,17.47,16.78,16.52,16.8,18.08,22.89
2024-02-18 05:31,45.78,45.72,42.87,44.72,42.48,42.05,38.85,33.99,15.6,15.52,17.31,16.46,16.4,16.65,17.8,22.84
2024-02-18 05:33,46.45,46.32,42.82,45.03,42.52,42.16,39.18,33.92,15.36,15.28,17.35,16.36,16.4,16.61,17.69,22.88
2024-02-18 05:35,46.87,46.68,42.53,44.37,42.51,42.29,39.06,33.87,15.22,15.17,17.49,16.68,16.4,16.58,17.77,22.9
2024-02-18 05:37,46.68,46.14,42.32,43.9,42.36,42.1,38.78,33.75,15.45,15.59,17.62,16.83,16.57,16.79,17.93,23.0
2024-02-18 05:39,44.99,44.06,41.88,43.95,41.45,40.92,38.38,33.42,16.1,16.41,17.78,16.78,16.96,17.27,18.09,23.18
2024-02-18 05:41,43.45,42.58,41.84,44.25,40.72,40.12,38.21,33.27,16.7,16.93,17.75,16.57,17.22,17.56,18.13,23.2
2024-02-18 05:43,43.39,43.04,42.48,45.28,40.81,40.43,38.84,33.57,16.62,16.6,17.54,16.35,17.12,17.32,17.93,23.08
2024-02-18 05:45,44.17,44.06,42.6,45.02,41.38,41.18,38.87,33.83,16.32,16.23,17.52,16.48,16.93,17.06,17.93,23.0
2024-02-18 05:47,44.82,44.72,42.44,44.42,41.54,41.44,38.73,33.76,16.05,15.97,17.59,16.76,16.82,16.95,18.0,22.99
2024-02-18 05:49,45.58,45.51,42.56,44.11,42.05,42.0,38.68,33.93,15.73,15.64,17.5,16.83,16.6,16.69,18.0,22.9
2024-02-18 05:52,46.25,46.03,42.69,43.92,42.55,42.51,38.68,33.99,15.54,15.5,17.45,16.92,16.41,16.53,18.02,22.86
2024-02-18 05:54,45.23,44.58,42.45,43.54,42.18,41.63,38.21,33.93,16.01,16.14,17.58,17.1,16.63,17.0,18.28,22.93
2024-02-18 05:56,44.58,44.22,42.02,42.96,41.7,41.0,37.68,33.68,16.15,16.17,17.76,17.35,16.8,17.16,18.5,23.04
2024-02-18 05:58,44.84,44.77,41.72,42.52,41.58,41.13,37.55,33.6,16.04,15.94,17.88,17.48,16.8,17.1,18.5,23.1
2024-02-18 06:00,45.31,45.31,41.85,43.0,41.71,41.41,37.9,33.67,15.82,15.7,17.82,17.2,16.71,16.94,18.29,23.01
2024-02-18 06:02,45.98,45.97,42.33,44.01,42.22,41.88,38.47,33.91,15.54,15.43,17.57,16.76,16.51,16.71,18.02,22.9
2024-02-18 06:04,46.78,46.72,42.78,44.83,42.74,42.43,39.04,34.05,15.3,15.21,17.36,16.4,16.32,16.53,17.75,22.81
2024-02-18 06:06,46.85,46.42,42.85,45.12,42.75,42.4,39.24,34.12,15.44,15.54,17.41,16.39,16.42,16.68,17.78,22.8
2024-02-18 06:08,45.34,44.52,42.63,44.52,42.26,41.57,38.67,34.07,16.04,16.27,17.5,16.66,16.64,17.02,18.09,22.8
2024-02-18 06:10,43.98,43.17,42.77,44.6,41.87,40.98,38.4,33.98,16.58,16.82,17.41,16.54,16.82,17.28,18.17,22.87
2024-02-18 06:12,42.96,42.37,42.72,45.12,41.28,40.46,38.45,33.86,16.95,17.07,17.52,16.4,17.07,17.49,18.16,23.03
2024-02-18 06:14,43.22,43.06,42.57,45.34,41.02,40.44,38.71,33.72,16.72,16.62,17.58,16.38,17.1,17.41,18.03,23.09
2024-02-18 06:17,44.08,44.01,42.6,45.1,41.23,40.87,38.93,33.83,16.39,16.29,17.63,16.58,17.07,17.26,18.02,23.1
2024-02-18 06:19,44.76,44.72,42.26,44.23,41.29,41.17,38.63,33.66,16.1,16.0,17.75,16.9,17.0,17.12,18.1,23.13
2024-02-18 06:21,45.47,45.35,42.12,43.71,41.56,41.53,38.5,33.65,15.81,15.71,17.73,17.07,16.81,16.9,18.1,23.1
2024-02-18 06:23,46.14,46.03,42.27,43.58,42.17,42.14,38.47,33.78,15.57,15.51,17.65,17.09,16.56,16.66,18.1,22.98
2024-02-18 06:25,45.63,45.03,42.23,43.41,42.2,41.85,38.25,33.8,15.9,16.05,17.73,17.19,16.67,16.95,18.31,23.03
2024-02-18 06:27,44.67,44.12,41.91,43.02,41.76,41.06,37.73,33.62,16.17,16.26,17.85,17.32,16.77,17.13,18.5,23.1
2024-02-18 06:29,44.85,44.76,41.93,42.9,42.0,41.52,37.73,33.7,16.03,15.93,17.74,17.27,16.61,16.88,18.38,22.98
2024-02-18 06:31,45.61,45.62,42.39,43.68,42.44,42.06,38.27,33.92,15.7,15.59,17.53,16.86,16.43,16.65,18.09,22.84
2024-02-18 06:33,46.25,46.18,42.52,44.37,42.58,42.23,38.74,33.97,15.45,15.38,17.48,16.58,16.39,16.6,17.86,22.81
2024-02-18 06:35,46.81,46.63,42.56,44.73,42.57,42.33,39.08,33.91,15.23,15.18,17.4,16.43,16.34,16.53,17.67,22.83
2024-02-18 06:37,46.7,46.12,42.38,44.31,42.48,42.15,38.94,33.79,15.46,15.61,17.6,16.73,16.52,16.77,17.91,22.99
2024-02-18 06:39,45.02,44.09,41.86,43.62,41.59,40.87,38.2,33.44,16.13,16.41,17.78,16.97,16.91,17.28,18.23,23.21
2024-02-18 06:42,43.39,42.51,41.74,43.9,40.73,40.02,38.02,33.13,16.74,16.98,17.89,16.88,17.26,17.63,18.3,23.39
2024-02-18 06:44,43.05,42.7,41.62,44.18,40.49,39.93,38.16,33.18,16.78,16.77,17.9,16.69,17.29,17.57,18.17,23.33
2024-02-18 06:46,43.79,43.78,42.35,45.2,41.0,40.72,38.95,33.48,16.44,16.34,17.59,16.36,17.05,17.23,17.88,23.16
2024-02-18 06:48,44.76,44.71,42.6,45.07,41.58,41.45,39.09,33.73,16.1,16.0,17.53,16.5,16.87,16.97,17.89,23.07
2024-02-18 06:50,45.47,45.36,42.43,44.4,41.73,41.72,38.91,33.75,15.77,15.7,17.58,16.76,16.72,16.82,17.91,23.01
2024-02-18 06:52,45.74,45.41,42.55,44.07,42.13,42.07,38.82,33.97,15.73,15.8,17.5,16.85,16.59,16.75,17.96,22.9
2024-02-18 06:54,44.76,44.11,42.46,43.77,42.0,41.44,38.35,33.97,16.15,16.32,17.57,16.97,16.69,17.02,18.19,22.9
2024-02-18 06:56,44.73,44.43,42.34,43.41,41.93,41.44,38.17,33.91,16.09,16.07,17.63,17.14,16.7,16.96,18.27,22.92
2024-02-18 06:58,45.01,44.92,42.11,42.96,41.85,41.53,37.99,33.75,15.96,15.87,17.73,17.34,16.7,16.9,18.33,23.0
2024-02-18 07:00,45.4,45.44,41.75,42.47,41.86,41.63,37.81,33.68,15.78,15.65,17.88,17.5,16.7,16.85,18.4,23.0
2024-02-18 07:02,45.94,45.96,41.7,42.65,41.91,41.77,37.96,33.67,15.56,15.44,17.84,17.37,16.61,16.77,18.24,23.0
2024-02-18 07:04,46.49,46.42,41.89,43.43,41.98,41.94,38.43,33.77,15.37,15.27,17.8,17.05,16.6,16.71,18.07,22.99
2024-02-18 07:07,46.88,46.73,41.82,43.77,42.04,42.01,38.58,33.71,15.22,15.17,17.79,16.84,16.59,16.69,17.98,22.97
2024-02-18 07:09,47.38,47.13,42.16,44.38,42.49,42.42,39.06,33.9,15.18,15.18,17.62,16.62,16.48,16.6,17.79,22.9
2024-02-18 07:11,46.19,45.44,42.21,44.14,42.28,41.88,38.81,33.95,15.7,15.92,17.65,16.8,16.6,16.88,17.97,22.89
2024-02-18 07:13,44.43,43.51,41.98,43.82,41.47,40.79,38.29,33.67,16.38,16.66,17.75,16.84,16.95,17.35,18.18,23.05
2024-02-18 07:15,43.01,42.23,42.01,44.18,40.9,40.14,38.16,33.42,16.89,17.09,17.67,16.62,17.13,17.52,18.17,23.17
2024-02-18 07:17,42.86,42.59,42.34,44.73,40.85,40.3,38.5,33.4,16.77,16.73,17.45,16.31,17.04,17.34,17.88,23.06
2024-02-18 07:19,43.93,43.8,43.1,45.81,41.5,41.18,39.49,33.82,16.43,16.35,17.32,16.18,16.83,17.11,17.71,22.99
2024-02-18 07:21,44.72,44.62,42.84,45.1,41.73,41.47,39.27,33.89,16.13,16.03,17.47,16.52,16.81,16.99,17.83,23.0
2024-02-18 07:23,45.43,45.38,42.49,44.3,41.88,41.7,38.95,33.74,15.84,15.76,17.61,16.82,16.76,16.9,17.96,23.08
2024-02-18 07:25,45.76,45.59,42.11,43.57,41.77,41.7,38.58,33.57,15.73,15.7,17.76,17.12,16.77,16.9,18.11,23.17
2024-02-18 07:27,44.77,44.18,41.67,42.94,41.29,40.89,37.96,33.28,16.18,16.32,17.95,17.39,17.02,17.3,18.41,23.34
2024-02-18 07:29,44.48,44.22,41.43,42.55,41.23,40.77,37.67,33.21,16.19,16.17,18.01,17.5,16.94,17.22,18.49,23.31
2024-02-18 07:32,44.93,44.88,41.59,42.47,41.6,41.38,37.79,33.34,16.0,15.9,17.93,17.5,16.77,16.96,18.41,23.21
2024-02-18 07:34,45.65,45.69,41.84,42.54,42.22,42.0,37.91,33.57,15.71,15.59,17.83,17.43,16.54,16.72,18.32,23.08
2024-02-18 07:36,46.19,46.11,41.93,43.22,42.32,42.13,38.27,33.62,15.51,15.44,17.78,17.12,16.49,16.68,18.15,23.1
2024-02-18 07:38,46.78,46.61,42.31,44.08,42.69,42.46,38.85,33.76,15.3,15.26,17.57,16.73,16.33,16.53,17.84,22.97
2024-02-18 07:40,47.37,47.1,42.89,44.94,43.19,42.98,39.49,33.95,15.15,15.16,17.32,16.32,16.18,16.38,17.55,22.86
2024-02-18 07:42,46.43,45.66,42.83,45.18,42.81,42.28,39.44,33.77,15.63,15.87,17.43,16.39,16.47,16.8,17.72,23.02
2024-02-18 07:44,44.82,43.86,42.36,44.24,41.98,41.09,38.69,33.54,16.32,16.62,17.68,16.83,16.85,17.34,18.12,23.22
2024-02-18 07:46,43.24,42.44,41.96,43.98,41.01,40.1,38.2,33.26,16.89,17.11,17.87,16.88,17.24,17.73,18.29,23.38
2024-02-18 07:48,43.11,42.79,41.9,44.31,40.65,40.01,38.29,33.22,16.82,16.79,17.88,16.76,17.29,17.62,18.2,23.37
2024-02-18 07:50,43.72,43.67,42.13,44.81,40.91,40.52,38.84,33.37,16.48,16.4,17.68,16.48,17.11,17.33,17.88,23.22
2024-02-18 07:52,44.8,44.75,42.8,45.53,41.67,41.38,39.67,33.79,16.12,16.02,17.53,16.42,16.85,17.03,17.7,23.1
2024-02-18 07:54,45.71,45.57,42.69,44.89,42.08,41.88,39.57,33.84,15.79,15.74,17.57,16.68,16.7,16.88,17.74,23.09
2024-02-18 07:57,46.31,46.15,42.66,44.32,42.4,42.27,39.39,33.87,15.55,15.52,17.57,16.87,16.57,16.71,17.8,23.04
2024-02-18 07:59,46.79,46.5,42.75,44.13,42.92,42.73,39.27,33.98,15.47,15.49,17.5,16.94,16.39,16.56,17.87,22.98
2024-02-18 08:01,45.85,45.13,42.73,43.95,42.82,42.18,38.91,34.06,15.92,16.11,17.58,17.05,16.51,16.89,18.11,22.94
2024-02-18 08:03,45.29,44.91,42.46,43.5,42.45,41.77,38.5,33.95,16.05,16.07,17.74,17.28,16.63,17.0,18.28,23.06
2024-02-18 08:05,45.48,45.41,42.14,42.98,42.33,41.87,38.32,33.79,15.96,15.89,17.89,17.49,16.7,16.98,18.38,23.17
2024-02-18 08:07,45.85,45.88,41.82,42.55,42.28,41.94,38.09,33.59,15.81,15.69,18.0,17.63,16.7,16.9,18.41,23.26
2024-02-18 08:09,46.41,46.43,42.02,43.1,42.5,42.24,38.44,33.58,15.57,15.45,17.85,17.24,16.54,16.75,18.17,23.22
2024-02-18 08:11,47.02,47.0,42.44,44.01,42.98,42.67,39.02,33.73,15.32,15.22,17.59,16.81,16.33,16.55,17.86,23.07
2024-02-18 08:13,47.51,47.26,42.92,44.88,43.31,42.94,39.56,33.91,15.22,15.24,17.41,16.44,16.27,16.5,17.63,23.01
2024-02-18 08:15,46.39,45.51,42.82,45.11,42.73,42.14,39.44,33.77,15.76,16.02,17.54,16.48,16.57,16.95,17.83,23.12
2024-02-18 08:17,44.82,43.89,42.6,44.49,42.22,41.37,38.83,33.64,16.39,16.65,17.62,16.77,16.8,17.25,18.12,23.19
2024-02-18 08:19,43.42,42.68,42.65,44.52,41.68,40.78,38.61,33.57,16.91,17.11,17.59,16.7,16.99,17.48,18.18,23.21
2024-02-18 08:22,43.43,43.23,42.77,44.98,41.6,40.86,38.86,33.62,16.83,16.79,17.58,16.5,17.08,17.42,18.04,23.22
2024-02-18 08:24,44.1,44.03,42.81,45.57,41.61,41.08,39.18,33.63,16.55,16.46,17.6,16.38,17.1,17.37,17.95,23.3
2024-02-18 08:26,44.98,44.94,42.88,45.69,41.77,41.43,39.46,33.76,16.23,16.12,17.68,16.52,17.02,17.23,17.99,23.3
2024-02-18 08:28,45.72,45.68,42.68,44.92,41.96,41.83,39.18,33.73,15.96,15.85,17.76,16.81,16.95,17.07,18.1,23.3
2024-02-18 08:30,46.53,46.45,42.84,44.62,42.53,42.48,39.28,33.93,15.68,15.62,17.69,16.95,16.71,16.81,18.03,23.18
2024-02-18 08:32,47.18,47.04,43.05,44.4,43.08,43.03,39.38,34.11,15.48,15.43,17.6,17.0,16.51,16.62,18.0,23.1
2024-02-18 08:34,46.6,45.94,42.98,44.25,43.01,42.58,39.2,34.03,15.85,16.04,17.73,17.18,16.68,16.98,18.22,23.22
2024-02-18 08:36,45.77,45.34,42.79,43.85,42.72,42.09,38.69,33.96,16.07,16.14,17.77,17.3,16.72,17.08,18.4,23.25
2024-02-18 08:38,46.01,45.91,42.89,43.76,43.02,42.53,38.73,34.09,15.97,15.9,17.7,17.3,16.57,16.85,18.34,23.16
2024-02-18 08:40,46.56,46.51,43.13,43.8,43.47,43.06,38.87,34.21,15.78,15.7,17.62,17.3,16.43,16.71,18.3,23.1
2024-02-18 08:42,46.97,46.93,43.03,44.0,43.47,43.08,39.09,34.13,15.62,15.53,17.7,17.16,16.43,16.7,18.18,23.13
2024-02-18 08:44,47.32,47.27,43.02,44.53,43.35,43.02,39.42,33.97,15.45,15.37,17.65,16.88,16.49,16.7,17.98,23.2
2024-02-18 08:47,47.64,47.48,42.95,45.13,43.22,42.92,39.51,33.89,15.3,15.27,17.6,16.62,16.5,16.7,17.89,23.21
2024-02-18 08:49,47.95,47.76,43.03,45.38,43.16,42.98,39.69,33.86,15.2,15.17,17.63,16.6,16.5,16.67,17.84,23.28
2024-02-18 08:51,48.16,47.95,42.68,44.56,43.16,43.06,39.45,33.78,15.12,15.09,17.74,16.93,16.48,16.6,17.96,23.28
2024-02-18 08:53,48.26,47.93,43.01,44.7,43.47,43.31,39.57,33.89,15.23,15.27,17.57,16.76,16.43,16.59,17.86,23.2
2024-02-18 08:55,46.85,45.94,43.28,45.41,43.13,42.63,39.71,33.91,15.8,16.08,17.47,16.49,16.62,16.93,17.84,23.2
2024-02-18 08:57,45.22,44.22,43.58,46.13,42.59,41.91,39.77,34.04,16.47,16.79,17.46,16.34,16.92,17.29,17.94,23.23
2024-02-18 08:59,44.09,43.44,43.22,45.72,41.96,41.21,39.38,33.89,16.79,16.93,17.63,16.61,17.09,17.48,18.12,23.35
2024-02-18 09:01,44.32,44.18,43.13,45.14,42.05,41.65,39.18,33.84,16.6,16.52,17.6,16.75,16.95,17.18,18.13,23.3
2024-02-18 09:03,44.8,44.76,42.99,44.64,42.29,41.88,38.94,33.77,16.32,16.18,17.6,16.93,16.76,17.0,18.2,23.3
2024-02-18 09:05,45.53,45.48,43.03,44.32,42.68,42.31,38.83,33.76,16.01,15.92,17.58,17.03,16.6,16.83,18.21,23.29
2024-02-18 09:07,46.22,46.12,42.8,43.95,42.83,42.47,38.73,33.74,15.83,15.75,17.73,17.23,16.65,16.9,18.32,23.3
2024-02-18 09:09,46.66,46.54,42.57,43.58,42.78,42.52,38.61,33.76,15.67,15.6,17.87,17.38,16.7,16.85,18.4,23.32
2024-02-18 09:12,47.08,46.98,42.4,43.47,42.85,42.69,38.56,33.75,15.52,15.45,17.87,17.34,16.62,16.76,18.33,23.29
2024-02-18 09:14,47.57,47.45,42.92,44.45,43.28,43.08,39.05,34.01,15.32,15.25,17.57,16.84,16.41,16.58,18.05,23.11
2024-02-18 09:16,47.9,47.59,43.65,45.49,43.71,43.43,39.67,34.37,15.3,15.37,17.27,16.41,16.31,16.54,17.81,22.91
2024-02-18 09:18,46.68,45.85,43.66,45.98,43.23,42.62,39.67,34.3,15.83,16.04,17.39,16.4,16.55,16.93,17.93,23.04
2024-02-18 09:20,46.22,45.81,43.31,45.3,43.0,42.45,39.29,34.21,15.88,15.89,17.48,16.67,16.55,16.88,18.06,23.03
2024-02-18 09:22,46.56,46.43,43.63,45.45,43.35,42.86,39.54,34.34,15.72,15.65,17.3,16.46,16.4,16.7,17.83,22.92
2024-02-18 09:24,47.18,47.07,43.99,46.16,43.73,43.22,40.12,34.41,15.48,15.44,17.16,16.17,16.3,16.57,17.57,22.9
2024-02-18 09:26,47.79,47.53,44.18,46.87,43.91,43.44,40.67,34.53,15.4,15.39,17.24,16.16,16.33,16.6,17.54,22.99
2024-02-18 09:28,48.26,48.02,43.99,46.2,43.99,43.64,40.58,34.64,15.3,15.3,17.44,16.55,16.41,16.6,17.7,23.02
2024-02-18 09:30,48.37,48.21,43.63,45.33,43.84,43.64,40.27,34.48,15.3,15.27,17.63,16.92,16.47,16.62,17.86,23.1
2024-02-18 09:32,48.62,48.54,43.48,44.8,44.02,43.86,40.05,34.53,15.22,15.16,17.65,17.1,16.4,16.54,17.93,23.09
2024-02-18 09:34,48.46,48.12,43.62,44.71,44.32,44.07,40.01,34.66,15.47,15.53,17.63,17.15,16.39,16.63,18.04,23.07
2024-02-18 09:37,46.79,46.02,43.56,44.62,43.84,43.1,39.52,34.62,16.13,16.33,17.7,17.23,16.62,17.07,18.32,23.1
2024-02-18 09:39,45.0,44.22,43.24,44.3,42.98,41.94,38.88,34.44,16.81,17.02,17.87,17.4,17.01,17.52,18.62,23.26
2024-02-18 09:41,44.33,44.05,43.09,44.19,42.61,41.67,38.63,34.42,16.95,16.9,17.86,17.33,17.05,17.5,18.62,23.18
2024-02-18 09:43,44.78,44.79,43.53,45.1,42.91,42.11,39.12,34.56,16.71,16.57,17.62,16.88,16.9,17.29,18.32,23.08
2024-02-18 09:45,45.5,45.6,43.94,45.96,43.32,42.57,39.81,34.72,16.37,16.22,17.43,16.51,16.72,17.07,17.98,23.0
2024-02-18 09:47,46.39,46.36,44.15,46.72,43.52,42.92,40.42,34.79,16.04,15.94,17.41,16.28,16.7,17.0,17.8,23.0
2024-02-18 09:49,47.02,46.88,43.95,46.29,43.53,43.07,40.4,34.74,15.84,15.77,17.54,16.57,16.7,16.93,17.85,23.04
2024-02-18 09:51,47.34,47.18,43.6,45.52,43.4,43.08,40.04,34.59,15.67,15.64,17.62,16.78,16.7,16.9,17.97,23.1
2024-02-18 09:53,47.95,47.76,43.81,45.98,43.65,43.36,40.38,34.66,15.46,15.44,17.52,16.54,16.59,16.77,17.78,23.03
2024-02-18 09:55,48.43,48.2,44.21,46.74,44.07,43.79,40.72,34.78,15.29,15.27,17.29,16.19,16.38,16.6,17.57,22.93
2024-02-18 09:57,49.14,48.86,45.11,48.03,44.7,44.5,41.67,35.32,15.14,15.17,17.17,16.06,16.28,16.43,17.48,22.81
2024-02-18 09:59,49.29,48.89,44.9,47.24,44.82,44.6,41.24,35.34,15.24,15.34,17.28,16.37,16.33,16.56,17.7,22.83
2024-02-18 10:02,47.96,47.13,44.76,46.65,44.52,43.82,40.71,35.31,15.83,16.02,17.37,16.62,16.5,16.9,17.99,22.9
2024-02-18 10:04,47.38,47.02,44.65,46.14,44.36,43.69,40.38,35.26,15.92,15.93,17.4,16.78,16.49,16.84,18.07,22.9
2024-02-18 10:06,47.71,47.59,44.77,46.03,44.8,44.2,40.48,35.41,15.83,15.76,17.39,16.89,16.38,16.69,18.07,22.84
2024-02-18 10:08,48.03,48.03,44.68,45.68,44.88,44.39,40.37,35.38,15.73,15.64,17.49,17.05,16.4,16.7,18.15,22.92
2024-02-18 10:10,48.27,48.27,44.22,45.21,44.72,44.25,40.1,35.24,15.64,15.53,17.67,17.26,16.47,16.7,18.27,23.0
2024-02-18 10:12,48.48,48.49,43.92,44.7,44.53,44.18,39.88,35.13,15.55,15.47,17.77,17.39,16.49,16.69,18.3,23.04
2024-02-18 10:14,48.71,48.7,44.09,45.25,44.63,44.35,40.08,35.16,15.4,15.31,17.59,17.03,16.35,16.57,18.1,22.95
2024-02-18 10:16,49.03,49.04,44.38,46.04,44.94,44.62,40.63,35.19,15.26,15.17,17.41,16.59,16.22,16.45,17.78,22.88
2024-02-18 10:18,49.36,49.22,44.73,46.93,45.15,44.78,41.23,35.23,15.17,15.1,17.29,16.3,16.17,16.41,17.53,22.86
2024-02-18 10:20,49.5,49.31,44.65,47.01,45.08,44.77,41.35,35.26,15.1,15.08,17.3,16.38,16.15,16.37,17.53,22.83
2024-02-18 10:22,49.88,49.7,44.77,46.5,45.57,45.33,41.28,35.43,15.09,15.08,17.28,16.57,16.08,16.26,17.61,22.8
2024-02-18 10:24,48.77,48.07,45.02,46.87,45.34,44.77,41.19,35.38,15.59,15.82,17.23,16.42,16.26,16.6,17.72,22.88
2024-02-18 10:27,46.76,45.8,44.54,46.85,44.27,43.39,40.62,34.98,16.31,16.63,17.46,16.39,16.69,17.15,17.95,23.09
2024-02-18 10:29,45.33,44.71,44.14,46.82,43.23,42.35,40.26,34.7,16.7,16.83,17.59,16.43,16.98,17.4,18.07,23.2
2024-02-18 10:31,45.62,45.43,44.37,47.27,43.22,42.62,40.73,34.87,16.6,16.54,17.6,16.51,16.99,17.31,18.02,23.2
2024-02-18 10:33,46.14,46.05,44.34,46.6,43.56,43.09,40.45,34.94,16.41,16.32,17.6,16.68,16.88,17.12,18.1,23.17
2024-02-18 10:35,46.96,46.96,44.47,46.31,44.13,43.75,40.47,35.07,16.14,16.05,17.59,16.85,16.69,16.91,18.1,23.11
2024-02-18 10:37,47.68,47.62,44.61,46.04,44.57,44.24,40.54,35.14,15.89,15.81,17.53,16.97,16.53,16.75,18.1,23.1
2024-02-18 10:39,48.24,48.15,44.61,45.84,44.92,44.62,40.57,35.23,15.68,15.64,17.57,17.06,16.42,16.63,18.12,23.07
2024-02-18 10:41,48.52,48.34,44.29,45.39,44.8,44.47,40.32,35.08,15.57,15.54,17.68,17.21,16.43,16.65,18.2,23.1
2024-02-18 10:43,48.8,48.63,44.32,45.3,45.11,44.77,40.31,35.12,15.43,15.43,17.61,17.15,16.27,16.51,18.13,23.06
2024-02-18 10:45,49.28,49.16,44.77,46.18,45.54,45.12,40.83,35.28,15.3,15.26,17.4,16.72,16.12,16.4,17.88,22.97
2024-02-18 10:47,49.65,49.52,45.16,47.11,45.82,45.31,41.25,35.44,15.17,15.15,17.23,16.37,16.06,16.33,17.69,22.9
2024-02-18 10:49,49.8,49.49,45.12,47.44,45.59,45.17,41.43,35.33,15.15,15.2,17.33,16.34,16.15,16.44,17.68,22.96
2024-02-18 10:52,48.58,47.81,44.61,46.58,45.02,44.22,40.79,35.09,15.69,15.92,17.59,16.78,16.47,16.89,18.07,23.15
2024-02-18 10:54,47.8,47.38,44.23,45.95,44.51,43.68,40.35,34.91,15.93,15.99,17.7,16.9,16.61,17.05,18.17,23.21
2024-02-18 10:56,47.88,47.66,44.5,46.62,44.61,43.89,40.7,34.9,15.92,15.89,17.55,16.58,16.59,16.96,17.98,23.21
2024-02-18 10:58,48.24,48.12,45.0,47.43,44.93,44.28,41.32,35.14,15.77,15.72,17.36,16.27,16.49,16.82,17.71,23.08
2024-02-18 11:00,48.86,48.69,45.71,48.59,45.28,44.74,42.22,35.5,15.55,15.53,17.21,16.07,16.35,16.64,17.51,22.98
2024-02-18 11:02,49.22,48.8,45.92,48.3,45.78,45.24,42.28,35.78,15.68,15.75,17.21,16.29,16.35,16.68,17.62,22.94
2024-02-18 11:04,47.66,46.85,45.57,47.53,45.1,44.18,41.48,35.57,16.25,16.47,17.4,16.6,16.65,17.12,17.98,23.09
2024-02-18 11:06,46.18,45.37,45.03,46.73,44.34,43.21,40.74,35.33,16.85,17.08,17.61,16.92,16.97,17.52,18.32,23.2
2024-02-18 11:08,44.89,44.3,44.95,46.39,43.84,42.6,40.23,35.29,17.33,17.48,17.69,17.07,17.18,17.78,18.56,23.28
2024-02-18 11:10,45.04,44.84,44.94,46.22,43.93,42.86,40.22,35.35,17.26,17.18,17.7,17.19,17.16,17.62,18.6,23.28
2024-02-18 11:12,45.52,45.49,44.98,46.03,44.14,43.28,40.24,35.46,17.0,16.88,17.7,17.3,17.04,17.45,18.58,23.21
2024-02-18 11:14,46.35,46.39,45.18,46.34,44.58,43.73,40.45,35.62,16.63,16.52,17.57,17.02,16.85,17.25,18.37,23.1
2024-02-18 11:17,47.26,47.19,45.41,47.2,44.88,44.02,41.06,35.68,16.34,16.27,17.54,16.67,16.81,17.2,18.14,23.12
2024-02-18 11:19,47.91,47.74,45.32,47.68,44.8,43.98,41.35,35.54,16.12,16.11,17.6,16.53,16.88,17.2,18.02,23.2
2024-02-18 11:21,48.39,48.17,45.57,48.11,44.89,44.12,41.66,35.59,15.92,15.9,17.43,16.37,16.74,17.1,17.89,23.13
2024-02-18 11:23,48.86,48.62,45.58,47.72,45.24,44.56,41.65,35.73,15.73,15.74,17.4,16.55,16.57,16.92,17.9,23.04
2024-02-18 11:25,49.18,48.92,45.68,47.52,45.44,44.78,41.65,35.77,15.57,15.59,17.31,16.5,16.43,16.77,17.8,22.95
2024-02-18 11:27,49.68,49.4,45.89,48.23,45.8,45.11,42.15,35.86,15.43,15.45,17.2,16.22,16.35,16.71,17.62,22.93
2024-02-18 11:29,50.07,49.76,46.16,48.77,45.86,45.18,42.43,35.86,15.32,15.35,17.13,16.07,16.34,16.67,17.51,22.94
2024-02-18 11:31,50.72,50.3,47.23,50.12,46.58,45.89,43.56,36.47,15.3,15.39,17.06,16.03,16.23,16.61,17.43,22.9
2024-02-18 11:33,49.5,48.73,46.83,49.18,46.44,45.33,42.78,36.39,15.88,16.09,17.19,16.32,16.42,16.97,17.76,22.96
2024-02-18 11:35,48.9,48.4,46.72,48.61,46.38,45.1,42.38,36.34,16.07,16.13,17.26,16.53,16.45,16.99,17.9,23.0
2024-02-18 11:37,48.87,48.68,46.52,48.07,46.31,45.28,42.21,36.3,16.03,16.0,17.36,16.77,16.47,16.93,17.99,23.02
2024-02-18 11:39,48.82,48.7,45.96,47.27,45.89,44.99,41.77,35.99,16.0,15.95,17.56,17.07,16.57,17.0,18.16,23.16
2024-02-18 11:42,49.08,49.0,45.48,46.59,45.71,44.95,41.42,35.82,15.9,15.82,17.75,17.32,16.68,17.0,18.28,23.25
2024-02-18 11:44,49.44,49.45,45.37,46.19,45.88,45.25,41.23,35.86,15.77,15.68,17.8,17.43,16.57,16.9,18.35,23.22
2024-02-18 11:46,50.01,49.93,45.55,46.46,46.3,45.61,41.46,35.96,15.63,15.59,17.69,17.26,16.48,16.8,18.24,23.2
2024-02-18 11:48,50.44,50.28,46.02,47.51,46.64,45.96,42.03,36.17,15.53,15.5,17.54,16.85,16.36,16.71,18.01,23.09
2024-02-18 11:50,50.92,50.72,46.45,48.45,47.06,46.27,42.62,36.35,15.43,15.43,17.37,16.48,16.3,16.66,17.76,23.01
2024-02-18 11:52,51.17,50.94,46.93,49.37,47.28,46.46,43.15,36.53,15.34,15.37,17.18,16.18,16.2,16.6,17.6,22.91
2024-02-18 11:54,51.52,51.3,47.16,49.27,47.65,46.81,43.22,36.75,15.26,15.26,17.15,16.32,16.12,16.52,17.63,22.82
2024-02-18 11:56,51.98,51.63,47.34,48.82,48.18,47.31,43.18,36.93,15.33,15.43,17.17,16.49,16.12,16.52,17.77,22.83
2024-02-18 11:58,50.24,49.37,47.39,49.24,47.46,46.21,42.93,36.85,15.92,16.21,17.12,16.29,16.37,16.93,17.81,22.9
2024-02-18 12:00,48.43,47.5,47.32,49.53,46.68,45.24,42.68,36.63,16.54,16.83,17.1,16.17,16.62,17.24,17.9,22.97
2024-02-18 12:02,46.9,46.17,47.23,49.8,45.98,44.5,42.36,36.52,17.1,17.3,17.14,16.05,16.9,17.5,18.04,22.98
2024-02-18 12:04,46.27,45.9,47.97,51.45,45.48,44.34,41.69,37.35,17.35,17.4,17.23,16.08,17.08,17.68,18.74,22.74
2024-02-18 12:07,46.6,46.09,47.71,50.38,45.57,44.06,40.32,37.77,17.22,17.33,17.36,16.4,17.1,17.83,19.43,22.6
2024-02-18 12:09,46.81,46.04,46.99,48.98,45.52,43.28,38.71,37.69,17.07,17.31,17.52,16.78,17.08,18.08,20.05,22.58
2024-02-18 12:11,47.36,46.21,46.73,48.52,45.81,42.84,37.68,37.78,16.88,17.23,17.58,16.84,17.0,18.26,20.51,22.49
2024-02-18 12:13,47.82,46.41,46.84,48.89,45.92,42.6,36.94,37.98,16.69,17.16,17.5,16.68,16.98,18.35,20.83,22.4
2024-02-18 12:15,48.22,46.72,47.0,49.31,46.2,42.47,36.2,38.08,16.59,17.06,17.48,16.53,16.9,18.4,21.22,22.4
2024-02-18 12:17,48.43,46.91,47.06,49.57,46.33,42.17,35.49,38.05,16.5,17.0,17.4,16.38,16.83,18.55,21.52,22.37
2024-02-18 12:19,48.66,47.06,47.25,49.99,46.53,41.72,35.11,38.12,16.49,16.99,17.35,16.29,16.8,18.77,21.75,22.4
2024-02-18 12:21,48.7,47.17,47.42,50.17,46.64,41.25,34.73,38.2,16.42,16.9,17.3,16.22,16.72,18.96,21.93,22.38
2024-02-18 12:23,48.82,47.25,47.58,50.55,46.75,40.89,34.42,38.22,16.4,16.85,17.3,16.16,16.67,19.08,22.14,22.38
2024-02-18 12:25,48.97,47.43,47.67,50.6,47.05,40.54,33.99,38.22,16.32,16.8,17.22,16.1,16.57,19.25,22.33,22.36
2024-02-18 12:27,49.15,47.57,47.82,50.66,47.16,40.41,33.83,38.3,16.3,16.8,17.2,16.12,16.58,19.3,22.44,22.33
2024-02-18 12:29,49.38,47.8,47.88,50.78,47.4,40.36,33.65,38.36,16.22,16.7,17.2,16.1,16.51,19.32,22.5,22.35
2024-02-18 12:32,49.63,48.0,48.02,50.97,47.67,40.38,33.68,38.46,16.19,16.66,17.17,16.08,16.41,19.31,22.5,22.33
2024-02-18 12:34,49.69,48.15,48.13,51.03,47.98,40.38,33.63,38.5,16.18,16.6,17.1,16.0,16.31,19.33,22.53,22.3
2024-02-18 12:36,49.88,48.39,48.22,51.12,48.31,40.38,33.62,38.56,16.18,16.6,17.13,16.07,16.27,19.37,22.55,22.31
2024-02-18 12:38,50.16,48.69,48.4,51.22,48.62,40.48,33.78,38.51,16.11,16.6,17.17,16.19,16.2,19.43,22.55,22.45
2024-02-18 12:40,50.37,48.74,48.31,50.52,48.77,39.97,33.68,38.29,16.12,16.6,17.32,16.54,16.2,19.74,22.74,22.66
2024-02-18 12:42,50.43,48.72,48.13,50.36,48.86,39.67,33.5,38.35,16.1,16.6,17.38,16.53,16.2,19.84,22.8,22.6
2024-02-18 12:44,50.33,48.68,48.16,50.5,48.83,39.43,33.47,38.37,16.1,16.6,17.33,16.47,16.2,19.9,22.8,22.6
2024-02-18 12:46,50.2,48.74,48.08,50.47,48.89,39.37,33.47,38.24,16.23,16.68,17.3,16.4,16.29,19.99,22.73,22.64
2024-02-18 12:48,49.3,47.98,48.11,50.69,47.82,39.31,33.49,38.22,16.65,17.04,17.39,16.39,16.75,20.03,22.8,22.7
2024-02-18 12:50,48.9,47.71,48.01,50.81,47.53,39.18,33.39,38.24,16.78,17.1,17.4,16.31,16.8,20.1,22.86,22.7
2024-02-18 12:52,48.64,47.62,48.04,50.93,47.49,39.13,33.33,38.17,16.8,17.1,17.4,16.3,16.79,20.12,22.9,22.71
2024-02-18 12:54,48.73,47.77,48.18,51.12,47.77,38.94,33.48,38.21,16.8,17.04,17.4,16.27,16.66,20.23,22.81,22.71
2024-02-18 12:57,48.94,48.03,48.31,51.35,48.19,38.8,33.52,38.33,16.72,16.95,17.31,16.2,16.53,20.28,22.81,22.7
2024-02-18 12:59,49.12,48.19,48.39,51.41,48.5,38.77,33.62,38.36,16.68,16.9,17.3,16.2,16.44,20.3,22.73,22.7
2024-02-18 13:01,49.13,48.27,48.38,51.38,48.6,38.55,33.53,38.32,16.6,16.86,17.3,16.2,16.38,20.4,22.8,22.7
2024-02-18 13:03,49.3,48.44,48.42,51.49,48.85,38.23,33.55,38.35,16.6,16.8,17.28,16.13,16.3,20.55,22.75,22.7
2024-02-18 13:05,49.62,48.78,49.27,52.75,49.12,38.44,34.06,38.63,16.59,16.77,17.23,16.12,16.28,20.54,22.7,22.73
2024-02-18 13:07,50.71,49.72,50.72,54.14,50.0,38.87,35.12,39.37,16.5,16.72,17.35,16.4,16.21,20.78,22.73,22.91
2024-02-18 13:09,51.22,50.2,50.5,53.06,50.61,38.53,35.27,39.2,16.5,16.78,17.5,16.76,16.2,21.08,22.78,23.12
2024-02-18 13:11,51.27,50.19,49.75,51.59,50.76,38.39,34.73,38.51,16.5,16.82,17.68,17.1,16.27,21.18,22.98,23.42
2024-02-18 13:13,51.19,50.03,49.06,50.67,50.7,38.07,34.57,37.92,16.5,16.88,17.8,17.21,16.3,21.23,22.95,23.61
2024-02-18 13:15,50.95,49.92,48.72,50.55,50.52,38.25,34.45,37.68,16.58,16.84,17.8,17.07,16.32,21.07,22.88,23.6
2024-02-18 13:17,50.87,49.95,48.71,50.81,50.45,38.42,34.46,37.62,16.64,16.9,17.8,16.96,16.4,21.0,22.85,23.63
2024-02-18 13:19,50.87,49.99,48.72,51.0,50.42,38.42,34.35,37.5,16.67,16.9,17.75,16.88,16.44,21.09,22.9,23.7
2024-02-18 13:22,50.82,50.01,48.82,51.38,50.33,38.38,34.45,37.53,16.7,16.9,17.71,16.78,16.5,21.1,22.9,23.7
2024-02-18 13:24,50.55,49.88,48.86,51.48,50.17,38.33,34.38,37.61,16.78,16.9,17.71,16.73,16.5,21.1,22.95,23.62
2024-02-18 13:26,50.36,49.82,48.98,51.69,50.02,38.32,34.38,37.7,16.8,16.9,17.71,16.7,16.52,21.04,23.0,23.6
2024-02-18 13:28,50.18,49.68,48.86,51.55,49.81,38.17,34.23,37.58,16.8,16.9,17.72,16.78,16.51,21.11,23.0,23.7
2024-02-18 13:30,50.02,49.51,48.74,51.44,49.7,38.0,34.2,37.51,16.8,16.9,17.72,16.75,16.5,21.1,22.98,23.69
2024-02-18 13:32,49.97,49.47,48.61,51.27,49.68,37.76,34.18,37.38,16.8,16.89,17.7,16.71,16.5,21.17,22.9,23.63
2024-02-18 13:34,49.98,49.6,48.57,51.13,49.82,37.73,34.1,37.27,16.8,16.83,17.7,16.76,16.43,21.21,22.93,23.7
2024-02-18 13:36,50.05,49.61,48.47,51.18,49.88,37.5,33.94,37.23,16.75,16.8,17.71,16.7,16.4,21.29,23.0,23.71
2024-02-18 13:38,50.14,49.68,48.45,51.17,49.97,37.66,33.83,37.07,16.71,16.8,17.7,16.7,16.4,21.2,23.07,23.79
2024-02-18 13:40,50.08,49.59,48.4,51.23,49.82,37.64,33.56,36.91,16.7,16.8,17.7,16.64,16.4,21.16,23.19,23.8
2024-02-18 13:42,50.0,49.53,48.37,51.2,49.72,37.87,33.67,36.86,16.7,16.8,17.7,16.6,16.4,21.0,23.1,23.86
2024-02-18 13:44,50.01,49.52,48.42,51.3,49.76,37.91,33.62,36.73,16.73,16.8,17.7,16.6,16.4,21.0,23.1,23.9
2024-02-18 13:47,50.0,49.59,48.45,51.34,49.79,37.92,33.69,36.85,16.78,16.8,17.7,16.6,16.48,21.04,23.1,23.86
2024-02-18 13:49,49.97,49.51,48.41,51.37,49.68,37.88,33.68,36.83,16.75,16.82,17.7,16.6,16.49,21.06,23.09,23.87
2024-02-18 13:51,49.95,49.52,48.5,51.47,49.71,37.8,33.64,36.86,16.8,16.8,17.7,16.6,16.49,21.1,23.15,23.89
2024-02-18 13:53,49.82,49.55,48.46,51.4,49.76,37.9,33.49,36.77,16.8,16.8,17.7,16.6,16.44,21.05,23.23,23.91
2024-02-18 13:55,49.89,49.59,48.58,51.5,49.81,37.89,33.42,36.92,16.8,16.82,17.7,16.6,16.48,21.1,23.3,23.82
2024-02-18 13:57,49.88,49.48,48.59,51.59,49.68,37.93,33.44,37.01,16.8,16.9,17.7,16.6,16.5,21.02,23.28,23.81
2024-02-18 13:59,50.19,49.7,49.38,52.63,49.75,38.14,34.12,37.39,16.8,16.88,17.7,16.64,16.49,21.05,23.11,23.8
2024-02-18 14:01,50.71,50.22,49.59,52.38,50.35,38.25,34.55,37.69,16.8,16.9,17.77,16.8,16.5,21.22,23.1,23.86
2024-02-18 14:03,50.77,50.39,49.22,51.78,50.57,38.34,34.37,37.46,16.84,16.9,17.8,16.86,16.52,21.21,23.1,23.9
2024-02-18 14:05,50.65,50.32,49.13,51.73,50.42,38.43,34.36,37.39,16.9,16.93,17.8,16.83,16.61,21.15,23.1,23.9
2024-02-18 14:07,50.46,50.09,49.02,51.63,50.15,38.45,34.3,37.32,16.93,17.0,17.82,16.85,16.69,21.16,23.07,23.9
2024-02-18 14:09,50.35,49.96,49.05,51.68,50.02,38.34,34.38,37.4,16.96,17.0,17.81,16.9,16.7,21.2,23.05,23.9
2024-02-18 14:12,50.27,49.91,48.92,51.5,49.98,38.2,34.19,37.34,16.97,17.0,17.8,16.9,16.7,21.2,23.13,23.9
2024-02-18 14:14,50.44,49.88,48.94,51.63,49.95,38.32,34.05,37.36,16.9,17.01,17.88,16.88,16.7,21.15,23.29,23.9
2024-02-18 14:16,50.46,49.84,48.91,51.66,49.94,38.44,34.16,37.33,16.9,17.06,17.88,16.87,16.7,21.11,23.14,23.93
2024-02-18 14:18,50.38,49.8,48.87,51.5,49.85,38.33,34.16,37.25,16.9,17.08,17.9,16.9,16.71,21.16,23.16,23.99
2024-02-18 14:20,50.48,49.78,48.87,51.52,49.82,38.31,34.06,37.17,16.9,17.1,17.89,16.9,16.73,21.17,23.2,24.0
2024-02-18 14:22,50.32,49.77,48.83,51.5,49.78,38.13,33.97,37.14,16.91,17.09,17.88,16.87,16.75,21.27,23.28,24.01
2024-02-18 14:24,50.18,49.63,48.75,51.52,49.68,37.88,33.85,37.22,16.9,17.08,17.88,16.8,16.72,21.3,23.3,23.99
2024-02-18 14:26,50.11,49.52,48.74,51.55,49.6,37.76,33.92,37.18,16.9,17.03,17.82,16.8,16.7,21.33,23.22,24.0
2024-02-18 14:28,50.03,49.47,48.73,51.54,49.58,37.73,33.94,37.11,16.9,17.04,17.83,16.8,16.7,21.33,23.24,24.0
2024-02-18 14:30,49.98,49.42,48.68,51.47,49.61,37.64,33.92,37.12,16.9,17.03,17.88,16.82,16.67,21.37,23.17,24.0
2024-02-18 14:32,49.89,49.35,48.58,51.32,49.59,37.57,33.99,36.98,16.9,17.03,17.9,16.89,16.67,21.36,23.17,24.03
2024-02-18 14:34,49.92,49.4,48.36,51.15,49.69,37.82,33.83,36.87,16.9,17.0,17.97,16.91,16.62,21.22,23.22,24.1
2024-02-18 14:37,49.94,49.42,48.23,51.07,49.69,37.75,34.0,36.82,16.92,17.01,18.0,16.94,16.6,21.29,23.12,24.12
2024-02-18 14:39,50.03,49.41,48.09,50.98,49.65,37.75,33.88,36.76,16.9,17.0,18.07,17.0,16.61,21.24,23.19,24.15
2024-02-18 14:41,50.13,49.5,47.86,50.89,49.67,37.68,33.82,36.8,16.85,17.0,18.14,17.0,16.6,21.3,23.23,24.1
2024-02-18 14:43,50.26,49.53,47.76,50.84,49.76,37.8,33.85,36.8,16.8,17.0,18.2,17.0,16.6,21.22,23.21,24.1
2024-02-18 14:45,50.27,49.62,47.72,50.83,49.78,37.76,33.89,36.82,16.83,17.0,18.2,17.0,16.6,21.32,23.19,24.09
2024-02-18 14:47,50.22,49.65,47.78,50.81,49.72,37.62,34.12,36.9,16.85,17.0,18.2,17.04,16.67,21.4,23.02,24.1
2024-02-18 14:49,50.23,49.64,47.65,50.77,49.63,37.66,34.13,36.83,16.9,17.0,18.26,17.1,16.7,21.37,23.1,24.1
2024-02-18 14:51,50.22,49.74,47.7,50.81,49.58,37.56,34.16,36.88,16.9,17.0,18.22,17.1,16.77,21.45,23.07,24.15
2024-02-18 14:53,50.5,49.89,47.93,50.97,49.58,37.96,34.36,36.89,16.89,17.0,18.17,17.01,16.8,21.24,23.0,24.17
2024-02-18 14:55,50.92,50.23,48.08,51.17,49.82,38.51,34.63,36.82,16.82,17.0,18.22,17.03,16.87,21.08,22.93,24.33
2024-02-18 14:57,50.74,49.93,48.0,51.3,49.43,39.01,35.14,36.63,17.15,17.31,18.26,16.99,17.29,21.22,22.65,24.43
2024-02-18 14:59,49.38,48.82,48.55,52.19,47.82,37.17,35.98,36.99,17.48,17.6,18.04,16.67,17.69,22.18,22.23,24.24
2024-02-18 15:02,49.02,48.87,48.67,52.63,47.0,35.56,35.53,37.01,17.51,17.47,17.82,16.39,17.9,22.98,22.4,24.05
2024-02-18 15:04,49.02,48.99,49.08,53.19,46.53,34.36,35.14,37.18,17.45,17.35,17.58,16.12,17.99,23.6,22.48,23.85
2024-02-18 15:06,49.09,49.08,49.68,53.72,46.27,33.52,35.51,37.48,17.34,17.25,17.28,15.88,18.02,23.95,22.13,23.65
2024-02-18 15:08,49.5,49.39,50.74,54.82,46.32,33.12,36.69,37.93,17.28,17.24,17.11,15.81,18.07,24.12,21.53,23.47
2024-02-18 15:10,49.7,49.28,50.85,53.9,46.35,33.26,37.7,38.15,17.39,17.47,17.1,16.21,18.24,24.06,21.01,23.38
2024-02-18 15:12,49.18,48.74,50.56,52.96,45.85,33.35,38.68,38.34,17.46,17.5,17.07,16.27,18.3,24.0,20.49,23.25
2024-02-18 15:14,49.08,48.78,50.84,53.43,45.72,33.18,39.52,38.6,17.34,17.35,16.88,15.98,18.21,23.97,20.04,23.03
2024-02-18 15:16,49.21,48.83,51.42,54.17,45.78,33.06,40.63,39.06,17.25,17.3,16.7,15.77,18.13,23.99,19.58,22.86
2024-02-18 15:18,49.5,49.02,52.0,54.99,45.96,32.92,41.52,39.32,17.12,17.21,16.48,15.52,18.04,24.05,19.21,22.71
2024-02-18 15:20,51.88,51.3,54.91,58.71,47.6,33.32,43.22,40.09,17.1,17.24,16.4,15.51,18.0,24.11,18.91,22.6
2024-02-18 15:22,52.67,51.97,54.82,57.94,48.58,34.24,43.92,40.54,17.16,17.33,16.42,15.78,18.03,24.01,18.73,22.47
2024-02-18 15:24,52.07,51.32,54.25,56.5,48.45,34.34,44.16,40.61,17.29,17.47,16.5,15.99,18.1,23.99,18.57,22.4
2024-02-18 15:27,51.33,50.57,53.88,55.52,48.07,34.1,44.58,40.83,17.4,17.57,16.55,16.21,18.1,24.0,18.42,22.29
2024-02-18 15:29,50.74,50.07,53.36,54.5,47.65,33.97,44.76,40.86,17.52,17.65,16.62,16.41,18.21,24.03,18.29,22.2
2024-02-18 15:31,50.05,49.35,52.76,53.51,47.03,33.84,44.93,40.9,17.65,17.81,16.73,16.56,18.35,24.0,18.16,22.15
2024-02-18 15:33,49.45,48.74,52.28,52.88,46.54,33.69,45.18,40.94,17.76,17.93,16.81,16.7,18.45,24.02,18.03,22.07
2024-02-18 15:35,48.94,48.27,51.89,52.27,46.18,33.51,45.27,41.0,17.87,18.01,16.88,16.83,18.5,24.07,17.99,22.02
2024-02-18 15:37,48.37,47.77,51.46,51.64,45.75,33.52,45.21,40.89,17.95,18.08,16.93,16.9,18.52,23.93,17.9,21.98
2024-02-18 15:39,47.92,47.37,50.87,51.02,45.34,33.36,45.08,40.82,18.0,18.1,16.95,16.98,18.6,23.93,17.84,21.88
2024-02-18 15:41,47.77,47.41,51.04,51.47,45.16,33.15,45.31,41.07,17.93,17.95,16.88,16.66,18.52,24.03,17.79,21.8
2024-02-18 15:43,47.86,47.58,51.07,52.3,45.05,32.8,45.17,40.94,17.76,17.74,16.69,16.21,18.46,24.1,17.7,21.77
2024-02-18 15:45,48.16,47.98,51.55,53.34,45.21,32.69,45.48,41.16,17.62,17.56,16.52,15.85,18.35,24.15,17.6,21.67
2024-02-18 15:47,48.72,48.6,52.45,54.96,45.5,32.52,45.93,41.37,17.47,17.43,16.34,15.59,18.25,24.22,17.49,21.6
2024-02-18 15:49,49.22,48.79,52.77,54.66,45.94,32.77,46.27,41.64,17.5,17.55,16.41,15.88,18.27,24.17,17.5,21.6
2024-02-18 15:52,48.74,48.18,52.07,53.13,45.66,32.77,46.03,41.52,17.53,17.65,16.49,16.13,18.3,24.15,17.5,21.57
2024-02-18 15:54,48.32,47.92,51.82,53.24,45.32,32.48,45.91,41.42,17.5,17.56,16.39,15.87,18.21,24.2,17.36,21.5
2024-02-18 15:56,48.34,48.08,52.32,54.29,45.29,32.33,46.29,41.71,17.46,17.47,16.27,15.57,18.19,24.22,17.39,21.4
2024-02-18 15:58,48.84,48.66,53.12,55.61,45.6,32.4,46.57,41.99,17.38,17.33,16.16,15.42,18.17,24.22,17.39,21.4
2024-02-18 16:00,50.27,50.02,54.61,57.14,46.67,33.03,47.42,42.54,17.39,17.42,16.17,15.57,18.2,24.1,17.36,21.4
2024-02-18 16:02,49.81,49.33,53.6,55.09,46.56,33.32,47.04,42.45,17.49,17.58,16.28,15.87,18.25,24.1,17.4,21.38
2024-02-18 16:04,48.83,48.32,52.62,53.59,45.85,33.05,46.43,41.99,17.64,17.75,16.35,16.09,18.36,24.09,17.4,21.35
2024-02-18 16:06,48.21,47.69,52.38,52.97,45.25,32.82,46.51,42.03,17.75,17.85,16.43,16.28,18.46,24.1,17.33,21.3
2024-02-18 16:08,47.78,47.27,52.04,52.32,44.9,32.69,46.48,42.02,17.86,17.92,16.51,16.44,18.55,24.09,17.31,21.3
2024-02-18 16:10,47.58,47.22,52.08,52.21,44.78,32.76,46.75,42.29,17.9,17.98,16.6,16.61,18.59,24.02,17.38,21.3
2024-02-18 16:12,47.47,47.09,51.81,51.79,44.65,32.7,46.62,42.21,17.95,18.0,16.7,16.75,18.6,24.05,17.42,21.3
2024-02-18 16:14,47.3,46.98,51.63,51.41,44.49,32.66,46.52,42.23,18.0,18.0,16.77,16.86,18.61,24.06,17.47,21.3
2024-02-18 16:17,47.17,46.86,51.21,50.84,44.43,32.66,46.31,42.09,18.0,18.0,16.8,16.97,18.61,24.0,17.48,21.3
2024-02-18 16:19,46.97,46.63,50.71,50.41,44.23,32.63,45.91,41.87,18.0,18.0,16.87,16.95,18.6,23.98,17.5,21.3
2024-02-18 16:21,47.1,46.89,50.98,51.38,44.23,32.47,46.13,42.07,17.88,17.87,16.75,16.53,18.6,24.11,17.43,21.25
2024-02-18 16:23,47.34,47.16,51.15,52.32,44.19,32.12,46.26,42.02,17.7,17.7,16.63,16.12,18.53,24.27,17.33,21.21
2024-02-18 16:25,47.6,47.38,51.13,53.0,44.2,31.86,45.98,41.77,17.5,17.51,16.47,15.72,18.43,24.3,17.26,21.2
2024-02-18 16:27,48.25,47.97,51.92,54.18,44.44,31.83,46.24,41.88,17.4,17.43,16.36,15.66,18.4,24.31,17.2,21.15
2024-02-18 16:29,48.27,47.83,51.8,53.17,44.61,32.01,46.45,42.07,17.41,17.5,16.43,16.02,18.4,24.22,17.22,21.17
2024-02-18 16:31,47.92,47.49,51.25,52.31,44.37,31.92,46.07,41.83,17.43,17.48,16.47,16.07,18.35,24.2,17.23,21.13
2024-02-18 16:33,47.93,47.7,51.47,53.02,44.34,31.88,46.2,41.92,17.34,17.33,16.32,15.72,18.26,24.18,17.19,21.1
2024-02-18 16:35,48.04,47.87,51.82,53.82,44.43,31.84,46.46,42.07,17.19,17.17,16.17,15.45,18.16,24.12,17.1,21.08
2024-02-18 16:37,49.4,49.18,53.08,55.99,45.28,31.98,46.62,42.13,17.1,17.11,16.1,15.33,18.1,24.17,17.1,21.0
2024-02-18 16:39,49.16,48.72,52.62,54.35,45.31,32.33,46.58,42.14,17.16,17.27,16.1,15.61,18.12,24.08,17.1,21.0
2024-02-18 16:42,48.53,47.92,52.07,53.15,44.97,32.23,46.4,42.01,17.27,17.43,16.17,15.86,18.19,24.0,17.1,21.0
2024-02-18 16:44,47.93,47.37,51.59,52.26,44.58,32.21,46.18,41.91,17.4,17.51,16.2,16.05,18.2,23.94,17.05,20.92
2024-02-18 16:46,47.48,46.93,51.24,51.66,44.38,32.08,46.07,41.87,17.52,17.63,16.26,16.17,18.3,23.94,17.0,20.9
2024-02-18 16:48,47.11,46.54,51.19,51.37,44.13,31.9,46.29,42.05,17.64,17.75,16.31,16.28,18.32,24.0,16.98,20.81
2024-02-18 16:50,46.87,46.38,51.14,51.11,44.02,31.97,46.4,42.09,17.7,17.8,16.39,16.43,18.39,24.0,16.93,20.8
2024-02-18 16:52,46.68,46.24,51.04,50.85,43.91,32.02,46.57,42.25,17.8,17.85,16.43,16.54,18.42,23.91,16.9,20.8
2024-02-18 16:54,46.57,46.16,50.95,50.58,43.72,32.13,46.6,42.33,17.8,17.89,16.5,16.62,18.51,23.9,16.94,20.8
2024-02-18 16:56,46.53,46.19,50.77,50.37,43.72,32.0,46.54,42.37,17.8,17.83,16.5,16.7,18.5,23.99,16.91,20.8
2024-02-18 16:58,46.51,46.17,50.77,50.28,43.74,31.99,46.66,42.41,17.83,17.89,16.57,16.78,18.5,24.0,16.93,20.79
2024-02-18 17:00,46.42,46.14,50.54,50.03,43.75,32.04,46.54,42.32,17.9,17.9,16.6,16.8,18.5,23.95,16.92,20.78
2024-02-18 17:02,46.28,45.93,50.38,49.84,43.71,32.19,46.55,42.32,17.91,17.92,16.66,16.87,18.49,23.82,16.9,20.77
2024-02-18 17:04,46.11,45.75,50.18,49.62,43.68,32.31,46.47,42.27,18.0,18.0,16.7,16.9,18.5,23.71,16.9,20.73
2024-02-18 17:07,45.91,45.58,50.26,49.65,43.55,32.18,46.67,42.45,18.0,18.0,16.7,16.91,18.5,23.77,16.9,20.7
2024-02-18 17:09,45.87,45.56,50.16,49.51,43.59,32.22,46.63,42.49,18.0,18.04,16.77,17.0,18.5,23.8,16.9,20.7
2024-02-18 17:11,45.86,45.48,49.92,49.32,43.59,32.21,46.52,42.44,18.05,18.07,16.8,17.0,18.5,23.79,16.9,20.7
2024-02-18 17:13,45.82,45.42,49.83,49.22,43.52,32.27,46.44,42.38,18.07,18.1,16.8,17.0,18.53,23.73,16.9,20.7
2024-02-18 17:15,45.82,45.39,49.98,49.27,43.5,32.33,46.65,42.54,18.1,18.11,16.8,17.07,18.57,23.77,16.9,20.7
2024-02-18 17:17,45.77,45.34,49.98,49.25,43.41,32.34,46.78,42.57,18.1,18.19,16.83,17.05,18.6,23.76,16.9,20.7
2024-02-18 17:19,45.95,45.59,49.98,50.08,43.42,32.21,46.88,42.56,17.95,17.99,16.75,16.61,18.52,23.84,16.82,20.68
2024-02-18 17:21,46.23,46.03,50.46,51.36,43.46,32.02,47.25,42.66,17.8,17.76,16.57,16.14,18.48,23.96,16.72,20.7
2024-02-18 17:23,46.69,46.42,50.82,52.48,43.63,31.85,47.39,42.64,17.57,17.59,16.38,15.73,18.35,23.97,16.62,20.69
2024-02-18 17:25,47.32,46.96,51.24,53.28,44.18,31.97,47.3,42.47,17.5,17.5,16.3,15.65,18.2,23.9,16.6,20.62
2024-02-18 17:27,47.24,46.82,51.07,52.22,44.22,32.05,47.2,42.44,17.5,17.54,16.31,15.96,18.2,23.88,16.63,20.69
2024-02-18 17:29,46.82,46.42,50.61,51.48,43.94,31.85,46.93,42.25,17.5,17.53,16.32,15.98,18.19,23.9,16.62,20.64
2024-02-18 17:32,46.86,46.56,50.79,52.18,43.85,31.55,46.99,42.17,17.39,17.38,16.17,15.62,18.1,24.0,16.53,20.6
2024-02-18 17:34,47.24,47.08,51.37,53.49,44.16,31.56,47.11,42.14,17.28,17.24,16.03,15.35,18.0,23.92,16.44,20.58
2024-02-18 17:36,47.98,47.66,52.07,54.05,44.68,32.0,47.73,42.46,17.28,17.28,16.0,15.41,18.0,23.81,16.4,20.57
2024-02-18 17:38,47.45,47.03,51.68,52.84,44.39,32.07,47.58,42.44,17.33,17.39,16.0,15.65,18.06,23.7,16.4,20.53
2024-02-18 17:40,47.1,46.58,51.57,52.23,44.15,31.94,47.62,42.55,17.42,17.52,16.07,15.88,18.1,23.78,16.4,20.5
2024-02-18 17:42,46.81,46.28,51.34,51.64,44.08,31.97,47.52,42.48,17.5,17.6,16.1,16.03,18.1,23.7,16.4,20.5
2024-02-18 17:44,46.54,45.96,51.04,51.12,43.81,31.97,47.37,42.38,17.57,17.69,16.17,16.17,18.18,23.7,16.4,20.5
2024-02-18 17:46,46.38,45.85,50.84,50.75,43.75,32.05,47.34,42.33,17.62,17.71,16.22,16.3,18.2,23.61,16.4,20.5
2024-02-18 17:48,46.24,45.73,50.67,50.48,43.62,32.01,47.28,42.38,17.7,17.78,16.3,16.4,18.28,23.64,16.47,20.5
2024-02-18 17:50,46.04,45.54,50.58,50.2,43.37,31.89,47.15,42.4,17.7,17.8,16.3,16.47,18.3,23.7,16.5,20.47
2024-02-18 17:52,45.94,45.47,50.39,49.94,43.32,31.81,47.02,42.42,17.7,17.8,16.39,16.51,18.3,23.7,16.5,20.42
2024-02-18 17:54,45.85,45.31,50.17,49.68,43.27,31.67,46.91,42.36,17.72,17.81,16.4,16.6,18.3,23.79,16.5,20.4
2024-02-18 17:57,45.69,45.18,49.92,49.38,43.17,31.58,46.85,42.23,17.78,17.88,16.46,16.63,18.3,23.8,16.47,20.4
2024-02-18 17:59,45.57,45.03,49.77,49.31,43.12,31.59,46.98,42.25,17.8,17.9,16.5,16.69,18.3,23.73,16.4,20.42
2024-02-18 18:01,45.42,44.93,49.72,49.18,43.03,31.61,47.12,42.26,17.8,17.9,16.5,16.7,18.3,23.71,16.39,20.4
2024-02-18 18:03,45.32,44.89,49.58,49.03,42.97,31.61,47.17,42.24,17.8,17.9,16.5,16.71,18.32,23.7,16.32,20.4
2024-02-18 18:05,45.27,44.82,49.46,48.89,42.91,31.64,47.16,42.24,17.88,17.93,16.5,16.78,18.38,23.63,16.3,20.4
2024-02-18 18:07,45.19,44.77,49.52,48.9,42.81,31.78,47.3,42.38,17.89,17.93,16.52,16.78,18.39,23.59,16.3,20.37
2024-02-18 18:09,45.3,44.82,49.7,49.05,42.88,31.88,47.52,42.55,17.88,17.93,16.58,16.8,18.37,23.52,16.3,20.39
2024-02-18 18:11,45.29,44.87,49.62,48.92,42.91,32.05,47.4,42.52,17.9,17.93,16.52,16.8,18.37,23.43,16.3,20.32
2024-02-18 18:13,45.31,44.87,49.63,48.9,43.0,32.07,47.36,42.53,17.89,17.9,16.58,16.8,18.3,23.39,16.3,20.33
2024-02-18 18:15,45.27,44.86,49.52,48.78,43.04,32.32,47.22,42.52,17.88,17.9,16.58,16.8,18.3,23.24,16.3,20.31
2024-02-18 18:17,45.12,44.66,49.43,48.66,42.9,32.32,47.18,42.48,17.9,17.99,16.57,16.8,18.3,23.25,16.3,20.3
2024-02-18 18:19,44.98,44.48,49.09,48.41,42.78,32.07,46.92,42.31,17.9,18.0,16.6,16.8,18.3,23.31,16.3,20.28
2024-02-18 18:22,44.95,44.43,49.3,48.57,42.78,31.99,47.13,42.54,17.9,18.0,16.51,16.8,18.32,23.4,16.3,20.23
2024-02-18 18:24,44.99,44.51,49.48,48.67,42.8,32.06,47.39,42.65,17.9,18.0,16.59,16.8,18.36,23.39,16.3,20.28
2024-02-18 18:26,45.03,44.57,49.38,48.57,42.77,32.03,47.32,42.64,17.9,18.0,16.6,16.83,18.4,23.4,16.3,20.28
2024-02-18 18:28,44.94,44.48,49.22,48.45,42.68,32.06,47.13,42.51,17.9,18.0,16.6,16.84,18.4,23.4,16.3,20.23
2024-02-18 18:30,44.78,44.32,49.02,48.19,42.53,32.02,46.88,42.38,17.93,18.0,16.6,16.84,18.4,23.4,16.3,20.2
2024-02-18 18:32,44.71,44.27,48.96,48.2,42.42,31.95,46.95,42.44,17.95,18.0,16.6,16.8,18.41,23.4,16.29,20.2
2024-02-18 18:34,44.53,44.18,48.93,48.06,42.31,31.82,46.88,42.4,17.98,18.0,16.52,16.8,18.4,23.42,16.26,20.19
2024-02-18 18:36,44.47,44.11,48.93,48.08,42.28,31.64,46.84,42.38,17.99,18.0,16.5,16.8,18.4,23.5,16.22,20.18
2024-02-18 18:38,44.41,44.03,48.82,48.07,42.19,31.56,46.82,42.33,18.0,18.0,16.5,16.8,18.42,23.5,16.2,20.16
2024-02-18 18:40,44.38,44.06,49.04,48.2,42.14,31.48,47.07,42.51,17.98,18.0,16.5,16.8,18.4,23.51,16.2,20.14
2024-02-18 18:42,44.35,44.0,49.1,48.25,42.15,31.42,47.15,42.65,18.0,18.0,16.55,16.8,18.4,23.57,16.22,20.1
2024-02-18 18:44,44.4,44.02,48.98,48.11,42.17,31.49,46.93,42.52,18.0,18.0,16.6,16.88,18.4,23.53,16.29,20.16
2024-02-18 18:47,44.38,43.95,48.77,47.88,42.11,31.53,46.79,42.36,18.0,18.0,16.6,16.9,18.41,23.47,16.25,20.17
2024-02-18 18:49,44.27,43.94,48.79,47.93,42.03,31.52,46.87,42.41,17.96,18.0,16.6,16.9,18.42,23.44,16.29,20.12
2024-02-18 18:51,44.22,43.9,48.63,47.86,41.91,31.48,46.69,42.32,17.92,17.98,16.6,16.85,18.49,23.43,16.3,20.1
2024-02-18 18:53,44.21,43.86,48.52,47.7,41.89,31.52,46.56,42.2,17.94,17.98,16.6,16.86,18.5,23.44,16.23,20.1
2024-02-18 18:55,44.16,43.82,48.66,47.78,41.78,31.42,46.68,42.27,17.97,18.0,16.59,16.82,18.5,23.5,16.22,20.15
2024-02-18 18:57,44.17,43.8,48.7,47.88,41.84,31.42,46.78,42.37,17.96,18.0,16.59,16.83,18.44,23.5,16.21,20.1
2024-02-18 18:59,44.09,43.72,48.67,47.83,41.75,31.32,46.79,42.32,17.97,18.0,16.6,16.83,18.49,23.61,16.2,20.14
2024-02-18 19:01,44.03,43.6,48.52,47.72,41.54,31.08,46.66,42.21,17.99,18.02,16.6,16.8,18.59,23.7,16.2,20.1
2024-02-18 19:03,44.02,43.55,48.4,47.67,41.45,31.04,46.55,42.18,18.0,18.05,16.6,16.8,18.6,23.69,16.2,20.1
2024-02-18 19:05,43.97,43.46,48.43,47.67,41.43,31.05,46.53,42.24,18.0,18.1,16.57,16.8,18.6,23.67,16.21,20.1
2024-02-18 19:07,43.84,43.34,48.4,47.59,41.27,30.94,46.49,42.19,18.0,18.1,16.57,16.8,18.63,23.72,16.2,20.09
2024-02-18 19:09,43.83,43.35,48.38,47.54,41.12,30.82,46.45,42.21,18.0,18.1,16.5,16.8,18.7,23.8,16.2,20.05
2024-02-18 19:12,43.79,43.41,48.62,47.67,41.09,30.81,46.67,42.37,18.0,18.09,16.52,16.8,18.7,23.8,16.2,20.07
2024-02-18 19:14,43.85,43.46,48.63,47.8,41.06,30.67,46.76,42.37,18.0,18.01,16.52,16.8,18.72,23.89,16.2,20.1
2024-02-18 19:16,43.88,43.48,48.63,47.72,41.02,30.65,46.78,42.37,18.0,18.02,16.55,16.84,18.75,23.9,16.2,20.1
2024-02-18 19:18,43.98,43.57,48.57,47.69,41.03,30.58,46.67,42.31,18.0,18.02,16.58,16.82,18.8,24.0,16.2,20.1
2024-02-18 19:20,43.89,43.52,48.47,47.63,40.97,30.65,46.59,42.19,18.0,18.07,16.56,16.8,18.8,23.92,16.2,20.1
2024-02-18 19:22,43.78,43.41,48.47,47.66,40.85,30.68,46.65,42.2,18.02,18.07,16.52,16.8,18.81,23.87,16.2,20.1
2024-02-18 19:24,43.65,43.28,48.48,47.67,40.73,30.56,46.64,42.21,18.04,18.1,16.5,16.8,18.82,23.97,16.16,20.1
2024-02-18 19:26,43.52,43.14,48.37,47.61,40.56,30.4,46.63,42.16,18.08,18.1,16.5,16.8,18.87,23.93,16.1,20.05
2024-02-18 19:28,43.65,43.24,48.49,47.71,40.63,30.52,46.81,42.36,18.03,18.09,16.52,16.8,18.87,23.9,16.12,20.0
2024-02-18 19:30,43.63,43.22,48.43,47.63,40.49,30.4,46.67,42.37,18.0,18.08,16.5,16.8,18.9,23.93,16.11,20.0
2024-02-18 19:32,43.59,43.15,48.49,47.59,40.46,30.47,46.63,42.39,18.0,18.09,16.5,16.8,18.9,23.9,16.11,19.98
2024-02-18 19:34,43.57,43.17,48.55,47.6,40.34,30.43,46.72,42.39,18.0,18.1,16.5,16.8,18.95,23.95,16.1,20.0
2024-02-18 19:37,43.68,43.28,48.64,47.77,40.36,30.38,46.91,42.51,18.0,18.01,16.5,16.8,18.91,23.93,16.1,20.0
2024-02-18 19:39,43.68,43.23,48.48,47.62,40.29,30.33,46.8,42.41,18.0,18.05,16.5,16.8,18.92,23.98,16.1,20.0
2024-02-18 19:41,43.74,43.24,48.32,47.52,40.37,30.3,46.7,42.28,17.95,18.0,16.5,16.79,18.9,24.0,16.1,19.97
2024-02-18 19:43,43.69,43.24,48.4,47.53,40.41,30.32,46.82,42.38,17.9,18.0,16.5,16.79,18.88,23.93,16.06,19.98
2024-02-18 19:45,43.63,43.22,48.15,47.31,40.36,30.24,46.67,42.08,17.9,17.98,16.5,16.76,18.88,24.0,16.0,19.99
2024-02-18 19:47,43.64,43.19,48.12,47.29,40.33,30.22,46.61,42.05,17.92,18.0,16.48,16.7,18.9,23.98,16.0,19.94
2024-02-18 19:49,43.52,43.09,48.18,47.35,40.35,30.25,46.68,42.14,17.95,18.0,16.41,16.7,18.81,23.94,15.97,19.9
2024-02-18 19:51,43.47,43.11,48.35,47.48,40.38,30.2,46.86,42.24,17.99,18.0,16.4,16.7,18.8,24.0,15.97,19.91
2024-02-18 19:53,43.52,43.17,48.37,47.5,40.37,30.16,46.82,42.24,17.95,18.0,16.41,16.7,18.8,23.99,16.0,19.91
2024-02-18 19:55,43.5,43.17,48.15,47.32,40.38,30.16,46.61,42.12,17.9,17.92,16.4,16.68,18.75,23.91,15.97,19.9
2024-02-18 19:57,43.44,43.07,48.02,47.27,40.33,30.13,46.44,42.03,17.9,17.91,16.38,16.62,18.72,23.9,15.92,19.81
2024-02-18 19:59,43.34,42.99,48.12,47.27,40.22,30.03,46.58,42.09,17.9,17.9,16.33,16.6,18.7,23.9,15.9,19.83
2024-02-18 20:02,43.32,42.98,47.98,47.18,40.18,30.21,46.4,41.95,17.88,17.9,16.31,16.6,18.7,23.78,15.89,19.81
2024-02-18 20:04,43.41,42.98,48.19,47.37,40.18,30.26,46.63,42.13,17.8,17.9,16.3,16.6,18.7,23.72,15.83,19.8
2024-02-18 20:06,43.25,42.87,48.09,47.18,40.1,30.17,46.5,42.03,17.82,17.9,16.3,16.6,18.7,23.7,15.83,19.8
2024-02-18 20:08,43.27,42.85,48.07,47.21,40.12,30.25,46.55,42.02,17.8,17.89,16.3,16.57,18.7,23.7,15.8,19.8
2024-02-18 20:10,43.14,42.74,48.05,47.23,39.98,30.13,46.52,42.04,17.83,17.9,16.3,16.59,18.71,23.7,15.8,19.78
2024-02-18 20:12,43.01,42.63,47.76,46.9,39.84,30.07,46.18,41.75,17.81,17.85,16.3,16.52,18.7,23.7,15.8,19.72
2024-02-18 20:14,42.95,42.56,47.57,46.81,39.77,29.94,46.02,41.64,17.8,17.8,16.24,16.5,18.7,23.71,15.78,19.7
2024-02-18 20:16,42.85,42.51,47.78,47.02,39.68,29.78,46.33,41.83,17.8,17.8,16.2,16.5,18.65,23.75,15.78,19.7
2024-02-18 20:18,42.97,42.71,47.91,47.03,39.82,29.8,46.42,41.9,17.76,17.72,16.2,16.5,18.6,23.75,15.7,19.7
2024-02-18 20:20,43.14,42.8,47.77,46.93,39.92,29.86,46.28,41.78,17.7,17.7,16.2,16.47,18.6,23.75,15.7,19.7
2024-02-18 20:22,43.19,42.83,48.07,47.22,40.07,29.92,46.59,42.07,17.7,17.71,16.19,16.48,18.55,23.7,15.7,19.7
2024-02-18 20:24,43.34,43.03,48.23,47.33,40.26,30.16,46.69,42.24,17.7,17.69,16.2,16.48,18.5,23.6,15.7,19.64
2024-02-18 20:27,43.33,42.96,48.27,47.41,40.19,30.07,46.73,42.25,17.7,17.75,16.2,16.5,18.51,23.67,15.77,19.68
2024-02-18 20:29,43.38,42.93,48.19,47.34,40.26,30.0,46.61,42.17,17.7,17.73,16.2,16.49,18.5,23.68,15.8,19.69
2024-02-18 20:31,43.3,42.88,47.88,47.07,40.18,30.02,46.35,42.03,17.7,17.73,16.2,16.49,18.5,23.66,15.72,19.6
2024-02-18 20:33,43.08,42.69,47.81,46.94,40.13,29.97,46.3,42.03,17.7,17.77,16.2,16.46,18.5,23.68,15.7,19.6
2024-02-18 20:35,43.1,42.73,48.05,47.23,40.04,29.88,46.61,42.26,17.7,17.72,16.2,16.4,18.5,23.68,15.7,19.6
2024-02-18 20:37,43.08,42.72,47.84,47.02,40.02,29.93,46.34,42.02,17.7,17.7,16.14,16.4,18.5,23.62,15.68,19.6
2024-02-18 20:39,42.98,42.58,47.73,46.83,39.92,29.9,46.31,41.91,17.68,17.7,16.1,16.4,18.5,23.6,15.6,19.53
2024-02-18 20:41,43.02,42.68,47.88,46.98,39.99,29.95,46.52,42.08,17.6,17.68,16.1,16.4,18.42,23.55,15.6,19.51
2024-02-18 20:43,43.16,42.83,47.95,46.98,40.06,30.08,46.55,42.11,17.6,17.62,16.1,16.4,18.4,23.5,15.6,19.5
2024-02-18 20:45,43.17,42.88,47.93,46.92,40.02,29.97,46.43,42.11,17.54,17.54,16.02,16.4,18.41,23.5,15.6,19.5
2024-02-18 20:47,43.18,42.74,47.87,46.94,40.07,29.97,46.48,42.1,17.58,17.65,16.01,16.38,18.43,23.5,15.6,19.47
2024-02-18 20:49,42.51,41.98,47.88,46.88,39.69,29.92,46.16,42.06,17.8,17.89,16.0,16.3,18.52,23.5,15.66,19.41
2024-02-18 20:52,42.36,42.08,47.77,46.73,39.55,29.92,45.98,41.89,17.8,17.8,16.0,16.3,18.5,23.43,15.61,19.48
2024-02-18 20:54,42.37,42.15,47.5,46.58,39.54,29.88,45.83,41.64,17.76,17.7,16.0,16.3,18.5,23.4,15.6,19.5
2024-02-18 20:56,42.32,42.15,47.3,46.4,39.53,29.83,45.73,41.42,17.67,17.63,15.96,16.28,18.4,23.4,15.51,19.48
2024-02-18 20:58,42.41,42.21,47.46,46.47,39.43,29.78,45.85,41.53,17.59,17.53,15.9,16.2,18.39,23.31,15.5,19.4
2024-02-18 21:00,42.59,42.33,47.61,46.68,39.48,29.67,46.1,41.72,17.5,17.5,15.9,16.2,18.33,23.38,15.49,19.4
2024-02-18 21:02,42.78,42.43,47.75,46.75,39.6,29.82,46.22,41.77,17.46,17.5,15.9,16.2,18.31,23.33,15.48,19.4
2024-02-18 21:04,42.94,42.48,47.53,46.59,39.77,29.88,46.07,41.69,17.47,17.54,15.9,16.2,18.33,23.3,15.43,19.38
2024-02-18 21:06,42.37,41.72,47.48,46.52,39.44,29.93,46.04,41.71,17.77,17.91,15.85,16.2,18.52,23.33,15.52,19.3
2024-02-18 21:08,41.52,40.9,47.58,46.52,38.92,29.72,45.55,41.77,18.05,18.17,15.8,16.19,18.72,23.4,15.68,19.3
2024-02-18 21:10,41.32,41.0,47.32,46.35,38.68,29.68,45.13,41.52,18.05,18.03,15.8,16.1,18.73,23.4,15.61,19.3
2024-02-18 21:12,41.34,41.22,47.57,46.57,38.63,29.65,45.46,41.68,17.98,17.88,15.73,16.1,18.7,23.36,15.52,19.23
2024-02-18 21:14,41.5,41.37,47.45,46.47,38.62,29.57,45.46,41.59,17.84,17.77,15.75,16.1,18.64,23.35,15.5,19.2
2024-02-18 21:17,41.82,41.67,47.7,46.62,38.74,29.58,45.71,41.85,17.73,17.64,15.7,16.1,18.6,23.4,15.43,19.19
2024-02-18 21:19,42.03,41.88,47.83,46.74,38.93,29.64,45.97,41.92,17.63,17.6,15.71,16.1,18.54,23.33,15.4,19.2
2024-02-18 21:21,41.89,41.5,47.61,46.62,38.84,29.72,45.97,41.74,17.78,17.82,15.78,16.09,18.62,23.3,15.43,19.21
2024-02-18 21:23,41.47,41.1,47.42,46.5,38.52,29.65,45.5,41.55,17.9,17.88,15.72,16.01,18.7,23.3,15.45,19.2
2024-02-18 21:25,41.44,41.18,47.32,46.41,38.37,29.48,45.48,41.49,17.81,17.8,15.7,16.0,18.72,23.32,15.4,19.2
2024-02-18 21:27,41.53,41.35,47.54,46.55,38.34,29.47,45.7,41.65,17.75,17.7,15.7,16.0,18.7,23.34,15.38,19.2
2024-02-18 21:29,41.79,41.68,48.99,47.77,38.66,29.61,47.76,43.05,17.7,17.69,15.7,16.0,18.6,23.33,15.35,19.22
2024-02-18 21:31,43.94,44.14,53.72,51.82,40.29,31.02,53.45,47.62,17.62,17.6,15.88,16.21,18.53,23.24,15.68,19.56
2024-02-18 21:33,44.79,44.49,51.09,49.91,41.46,31.62,49.02,44.47,17.78,17.85,16.11,16.39,18.57,23.21,16.02,19.8
2024-02-18 21:35,43.32,42.78,49.18,48.28,40.53,31.18,46.98,42.82,18.11,18.24,16.2,16.4,18.8,23.3,16.03,19.78
2024-02-18 21:37,42.27,41.87,47.92,47.21,39.6,30.54,45.69,41.8,18.19,18.19,16.2,16.4,18.88,23.39,15.97,19.7
2024-02-18 21:39,41.81,41.65,46.97,46.34,39.06,30.11,45.03,41.12,18.06,17.96,16.14,16.31,18.8,23.4,15.8,19.62
2024-02-18 21:42,41.55,41.43,46.75,46.12,38.71,29.79,44.95,40.94,17.97,17.87,16.08,16.3,18.73,23.33,15.65,19.55
2024-02-18 21:44,41.58,41.44,46.87,46.21,38.66,29.66,45.33,41.13,17.85,17.74,16.0,16.21,18.65,23.32,15.55,19.46
2024-02-18 21:46,41.58,41.42,46.75,46.03,38.63,29.49,45.35,41.08,17.81,17.74,15.94,16.18,18.61,23.38,15.48,19.36
2024-02-18 21:48,41.02,40.66,46.49,45.82,38.26,29.36,44.88,40.87,17.96,17.95,15.88,16.1,18.7,23.3,15.48,19.3
2024-02-18 21:50,40.96,40.78,46.69,46.03,38.15,29.22,45.15,41.0,17.88,17.78,15.8,16.02,18.67,23.32,15.38,19.3
2024-02-18 21:52,41.08,41.0,47.02,46.28,38.15,29.29,45.55,41.16,17.77,17.67,15.8,16.0,18.6,23.25,15.3,19.3
2024-02-18 21:54,42.61,42.77,52.43,50.91,39.27,30.37,51.52,45.44,17.7,17.6,15.87,16.14,18.54,23.07,15.41,19.43
2024-02-18 21:56,44.43,44.31,53.62,51.99,41.12,31.61,52.0,46.23,17.82,17.87,16.12,16.47,18.57,23.0,15.79,19.68
2024-02-18 21:58,44.39,43.87,52.46,50.93,41.39,32.03,50.43,45.36,18.15,18.31,16.43,16.8,18.8,23.09,16.18,19.93
2024-02-18 22:00,43.62,43.18,49.01,47.89,40.91,31.83,46.76,42.77,18.29,18.31,16.7,17.01,18.89,23.12,16.4,20.1
2024-02-18 22:02,42.58,42.45,46.91,46.12,40.0,31.05,45.2,41.27,18.17,18.07,16.7,16.92,18.81,23.2,16.19,19.99
2024-02-18 22:04,42.04,41.94,45.98,45.48,39.38,30.43,44.67,40.7,18.04,17.94,16.68,16.78,18.77,23.21,15.98,19.9
2024-02-18 22:07,41.82,41.7,45.6,45.19,39.02,30.17,44.62,40.46,17.91,17.78,16.57,16.67,18.67,23.13,15.79,19.78
2024-02-18 22:09,41.37,41.04,45.38,45.03,38.63,29.85,44.72,40.38,17.99,17.97,16.44,16.53,18.71,23.2,15.64,19.64
2024-02-18 22:11,41.0,40.74,45.99,45.52,38.38,29.7,45.03,40.82,18.05,17.99,16.31,16.43,18.73,23.26,15.6,19.54
2024-02-18 22:13,41.15,41.05,46.14,45.62,38.46,29.61,45.21,40.87,18.0,17.86,16.24,16.4,18.7,23.3,15.52,19.54
2024-02-18 22:15,41.14,41.02,45.99,45.44,38.37,29.46,44.88,40.58,17.88,17.77,16.15,16.31,18.64,23.3,15.5,19.5
2024-02-18 22:17,41.28,41.16,46.3,45.62,38.39,29.38,45.19,40.82,17.78,17.67,16.03,16.28,18.57,23.28,15.41,19.42
2024-02-18 22:19,41.27,41.07,46.18,45.46,38.38,29.36,45.19,40.76,17.78,17.72,16.0,16.21,18.56,23.27,15.42,19.4
2024-02-18 22:21,40.67,40.23,46.27,45.61,37.98,29.24,44.98,40.8,18.04,18.11,15.94,16.15,18.73,23.3,15.5,19.38
2024-02-18 22:23,39.93,39.48,46.12,45.44,37.44,29.19,44.52,40.58,18.28,18.31,15.9,16.1,18.9,23.25,15.56,19.31
2024-02-18 22:25,39.76,39.63,45.93,45.28,37.25,29.06,44.18,40.38,18.21,18.09,15.83,16.04,18.9,23.26,15.47,19.3
2024-02-18 22:27,40.28,40.44,48.73,47.7,37.5,29.24,48.26,43.26,18.07,17.88,15.82,16.02,18.83,23.3,15.41,19.34
2024-02-18 22:29,42.63,42.96,52.51,51.03,39.27,30.67,52.34,46.52,17.93,17.8,15.99,16.21,18.72,23.16,15.7,19.65
2024-02-18 22:34,42.1,42.0,47.0,46.3,39.4,30.7,45.1,40.9,18.0,17.9,16.2,16.4,18.7,23.1,15.9,19.8
2024-02-18 22:36,41.73,41.68,46.39,45.92,38.92,30.22,44.75,40.58,17.95,17.8,16.2,16.33,18.71,23.11,15.78,19.73
2024-02-18 22:38,41.43,41.4,46.17,45.68,38.38,29.8,44.68,40.49,17.83,17.69,16.12,16.24,18.69,23.16,15.61,19.6
2024-02-18 22:40,41.42,41.31,46.34,45.8,38.33,29.68,44.98,40.68,17.71,17.61,16.0,16.2,18.6,23.1,15.49,19.5
2024-02-18 22:42,41.39,41.2,46.12,45.56,38.27,29.57,44.94,40.52,17.73,17.69,15.96,16.12,18.61,23.12,15.42,19.43
2024-02-18 22:44,40.66,40.23,46.07,45.55,37.86,29.4,44.89,40.54,17.98,18.05,15.88,16.04,18.75,23.17,15.44,19.36
2024-02-18 22:46,40.23,39.87,48.58,47.64,37.64,29.42,47.03,42.4,18.24,18.32,15.79,16.01,18.89,23.22,15.52,19.33
2024-02-18 22:48,41.97,42.03,52.88,51.41,38.97,30.55,51.11,45.6,18.28,18.21,15.97,16.24,18.92,23.19,15.76,19.58
2024-02-18 22:50,43.31,43.49,52.06,50.6,40.23,31.39,49.88,44.83,18.15,18.01,16.27,16.6,18.83,23.09,16.12,19.86
2024-02-18 22:52,43.72,43.9,50.42,49.04,40.8,31.72,48.0,43.53,18.03,17.86,16.6,16.93,18.64,22.98,16.47,20.13
2024-02-18 22:54,43.37,43.25,47.49,46.5,40.68,31.58,45.03,41.36,18.02,17.97,16.88,17.1,18.65,22.97,16.63,20.27
2024-02-18 22:57,42.12,41.89,45.83,45.22,39.62,30.93,43.84,40.32,18.12,18.07,16.8,16.97,18.75,23.01,16.39,20.13
2024-02-18 22:59,41.54,41.49,45.27,44.93,38.91,30.28,43.82,40.07,18.03,17.91,16.72,16.78,18.71,23.1,16.12,19.96
2024-02-18 23:01,41.34,41.33,45.4,44.98,38.67,30.04,44.11,40.23,17.94,17.82,16.6,16.66,18.66,23.1,15.95,19.84
2024-02-18 23:03,41.49,41.41,45.33,44.98,38.61,29.82,44.26,40.18,17.8,17.68,16.47,16.54,18.58,23.1,15.75,19.73
2024-02-18 23:05,41.47,41.37,45.36,45.0,38.59,29.69,44.44,40.18,17.72,17.65,16.36,16.43,18.54,23.13,15.62,19.64
2024-02-18 23:07,40.89,40.5,45.48,45.12,38.09,29.54,44.45,40.3,17.97,18.01,16.24,16.32,18.69,23.13,15.68,19.56
2024-02-18 23:09,40.12,39.63,45.5,45.15,37.58,29.4,44.23,40.2,18.25,18.32,16.14,16.2,18.9,23.16,15.62,19.5
2024-02-18 23:11,39.68,39.33,45.46,45.1,37.2,29.33,43.82,40.15,18.36,18.32,16.03,16.16,19.0,23.1,15.58,19.43
2024-02-18 23:13,39.69,39.64,45.98,45.38,37.13,29.17,44.46,40.48,18.22,18.07,15.9,16.08,18.92,23.16,15.47,19.4
2024-02-18 23:15,41.16,41.54,50.83,49.59,38.14,29.96,51.03,45.29,18.04,17.86,15.95,16.13,18.82,23.2,15.56,19.57
2024-02-18 23:17,42.88,42.97,50.0,49.02,39.62,30.82,48.61,43.69,17.98,17.91,16.17,16.35,18.82,23.18,15.93,19.88
2024-02-18 23:19,41.94,41.73,47.61,46.97,39.02,30.52,45.57,41.38,18.1,18.05,16.17,16.32,18.9,23.1,15.95,19.83
2024-02-18 23:22,41.49,41.46,46.92,46.32,38.66,30.16,45.07,40.77,18.01,17.88,16.1,16.26,18.81,23.1,15.76,19.78
2024-02-18 23:24,41.39,41.39,46.62,46.11,38.5,29.84,44.96,40.62,17.88,17.74,16.08,16.2,18.7,23.18,15.64,19.67
2024-02-18 23:26,41.44,41.46,46.43,45.94,38.42,29.62,44.93,40.45,17.74,17.6,16.0,16.12,18.59,23.2,15.52,19.59
2024-02-18 23:28,41.29,41.06,46.18,45.74,38.33,29.54,44.89,40.35,17.78,17.77,15.93,16.1,18.63,23.2,15.43,19.5
2024-02-18 23:30,40.58,40.12,46.2,45.74,37.84,29.38,44.88,40.43,18.05,18.12,15.88,16.01,18.78,23.17,15.49,19.43
2024-02-18 23:32,39.83,39.44,46.44,45.9,37.33,29.29,44.62,40.65,18.26,18.29,15.8,15.96,18.9,23.11,15.57,19.33
2024-02-18 23:34,40.72,40.93,51.28,50.15,38.02,29.85,49.63,44.31,18.23,18.08,15.87,16.07,18.85,23.08,15.66,19.48
2024-02-18 23:36,42.55,42.92,51.89,50.6,39.52,30.96,49.85,44.61,18.07,17.89,16.12,16.4,18.73,22.97,15.93,19.78
2024-02-18 23:38,43.21,43.41,50.18,48.91,40.26,31.35,47.81,43.15,17.96,17.79,16.43,16.74,18.61,22.9,16.28,20.06
2024-02-18 23:40,42.67,42.5,48.14,47.03,39.93,31.14,45.62,41.65,18.09,18.08,16.77,17.06,18.72,23.0,16.61,20.29
2024-02-18 23:42,41.87,41.78,45.61,44.86,39.42,30.54,43.39,39.93,18.04,17.94,16.88,17.06,18.62,23.0,16.51,20.24
2024-02-18 23:44,41.3,41.28,44.61,44.15,38.78,30.04,43.03,39.38,17.93,17.76,16.78,16.87,18.59,23.01,16.18,20.05
2024-02-18 23:47,41.2,41.19,44.47,44.13,38.44,29.76,43.43,39.4,17.8,17.65,16.63,16.67,18.55,23.0,15.93,19.9
2024-02-18 23:49,40.57,40.22,44.58,44.33,38.01,29.57,43.65,39.58,17.99,18.0,16.45,16.49,18.65,23.0,15.83,19.73
2024-02-18 23:51,39.9,39.47,44.8,44.52,37.5,29.49,43.5,39.73,18.21,18.25,16.29,16.35,18.81,22.98,15.8,19.59
2024-02-18 23:53,39.36,39.1,44.96,44.68,37.08,29.31,43.26,39.8,18.38,18.31,16.16,16.22,18.9,23.0,15.77,19.48
2024-02-18 23:55,40.27,40.5,48.99,48.22,37.72,29.87,48.74,43.92,18.18,18.03,16.12,16.22,18.84,22.98,15.72,19.55
2024-02-18 23:57,42.31,42.56,50.23,49.41,39.27,30.86,49.17,44.31,18.04,17.88,16.27,16.37,18.72,22.99,16.03,19.9
2024-02-18 23:59,42.23,42.12,47.59,47.11,39.45,30.87,45.68,41.51,18.06,18.0,16.31,16.4,18.77,22.93,16.09,19.94
2024-02-19 00:00,41.5,41.3,46.9,46.5,38.95,30.65,44.9,40.9,18.1,18.1,16.4,16.4,18.8,22.9,16.0,19.9
